,id,conversation_id,created_at,date,time,timezone,user_id,username,name,place,tweet,language,mentions,urls,photos,replies_count,retweets_count,likes_count,hashtags,cashtags,link,retweet,quote_url,video,thumbnail,near,geo,source,user_rt_id,user_rt,retweet_id,reply_to,retweet_date,translate,trans_src,trans_dest
0,1312120085809565696,1312120085809565696,2020-10-02 21:59:41 ora legale Europa occidentale,2020-10-02,21:59:41,200,17565514,shondarhimes,shonda rhimes,,‚ÄúI will define the current state of the world around me instead of allowing it to define me.‚Äù - @cleowade  https://t.co/VPYLeqSYiT  https://t.co/dgCJacRVvj,en,"[{'screen_name': 'cleowade', 'name': 'cleo wade', 'id': '563806953'}]",['https://instagr.am/p/CF2lV7Cps7f/'],['https://pbs.twimg.com/media/EjWWQ9-VgAAn-oF.jpg'],10,72,344,[],[],https://twitter.com/shondarhimes/status/1312120085809565696,False,,1,https://pbs.twimg.com/media/EjWWQ9-VgAAn-oF.jpg,,,,,,,[],,,,
0,1314015003456856064,1314015003456856064,2020-10-08 03:29:24 ora legale Europa occidentale,2020-10-08,03:29:24,200,17565514,shondarhimes,shonda rhimes,,He is literally Vice President of Fantasyland. #VPDebate,en,[],[],[],113,855,7264,['vpdebate'],[],https://twitter.com/shondarhimes/status/1314015003456856064,False,,0,,,,,,,,[],,,,
0,1315701981533495296,1315701981533495296,2020-10-12 19:12:51 ora legale Europa occidentale,2020-10-12,19:12:51,200,17565514,shondarhimes,shonda rhimes,,Another Author Series you don't want to miss!,en,[],[],[],8,10,197,[],[],https://twitter.com/shondarhimes/status/1315701981533495296,False,https://twitter.com/byshondaland/status/1315676099024568330,0,,,,,,,,[],,,,
0,1316047632037416961,1316047632037416960,2020-10-13 18:06:21 ora legale Europa occidentale,2020-10-13,18:06:21,200,17565514,shondarhimes,shonda rhimes,,"Challenge accepted, @MichelleObama!  I challenge @msdebbieallen, @KatieQLowes, and @KristaVernoff to get their #VotingSquad together and vote.  Get started here:  https://t.co/GTtQiRslxV  https://t.co/VoQnH0YROn",en,"[{'screen_name': 'michelleobama', 'name': 'michelle obama', 'id': '409486555'}, {'screen_name': 'msdebbieallen', 'name': 'debbie allen', 'id': '31483387'}, {'screen_name': 'katieqlowes', 'name': 'katie lowes', 'id': '362786454'}, {'screen_name': 'kristavernoff', 'name': 'krista vernoff', 'id': '43254005'}]",['http://weall.vote/votingsquad'],['https://pbs.twimg.com/media/EkOJiF_UwAEs6qg.jpg'],120,247,1808,['votingsquad'],[],https://twitter.com/shondarhimes/status/1316047632037416961,False,,1,https://pbs.twimg.com/media/EkOJiF_UwAEs6qg.jpg,,,,,,,[],,,,
1,1316024177879465984,1316024177879465984,2020-10-13 16:33:09 ora legale Europa occidentale,2020-10-13,16:33:09,200,17565514,shondarhimes,shonda rhimes,,"Didn‚Äôt make it into the #ZoomWhereItHappens last time? Don‚Äôt worry, we‚Äôre making room for more of you all this week.  https://t.co/9xCHo6LqJD  https://t.co/23zDBS0E19",en,[],['https://www.mobilize.us/zoomwhereithappens/event/315927/'],['https://pbs.twimg.com/media/EkN0owoU4AAQvth.jpg'],5,13,157,['zoomwhereithappens'],[],https://twitter.com/shondarhimes/status/1316024177879465984,False,,1,https://pbs.twimg.com/media/EkN0owoU4AAQvth.jpg,,,,,,,[],,,,
1,1318960088116322307,1318960088116322304,2020-10-21 18:59:24 ora legale Europa occidentale,2020-10-21,18:59:24,200,17565514,shondarhimes,shonda rhimes,,"""Why wouldn't I own my shit? Like, why do I feel like it's wrong to do somehow?""‚Å£ ‚Å£ Going to start owning it. Starting with this @hollywoodreporter cover. üì∏ @kwakualston   Hair by @verylynhairdesigns ‚Å£ Styling by @theclothingtherapist ‚Å£ Dress by ‚Ä¶  https://t.co/lfqKt2QDox  https://t.co/t114uDP25h",en,"[{'screen_name': 'kwakualston', 'name': 'kwaku alston', 'id': '30922623'}]",['https://instagr.am/p/CGnJGEAJuXj/'],['https://pbs.twimg.com/media/Ek3jNfMX0AAL9Ps.jpg'],58,94,999,[],[],https://twitter.com/shondarhimes/status/1318960088116322307,False,,1,https://pbs.twimg.com/media/Ek3jNfMX0AAL9Ps.jpg,,,,,,,[],,,,
0,1319353912231555072,1319353912231555072,2020-10-22 21:04:19 ora legale Europa occidentale,2020-10-22,21:04:19,200,17565514,shondarhimes,shonda rhimes,,"IT‚ÄôS TIME TO #VOTELOUD?! üì£  My friends at @WhenWeAllVote are hosting a #CouchParty THIS Friday, October 23rd to make sure YOU and your squad are ready to vote.   There will be music, special guests, and volunteer fun. Join us:  https://t.co/amuZw6m6rH",en,"[{'screen_name': 'whenweallvote', 'name': 'when we all vote', 'id': '1004804740105035777'}]",['http://weall.vote/couchparty'],[],5,19,126,"['voteloud', 'couchparty']",[],https://twitter.com/shondarhimes/status/1319353912231555072,False,https://twitter.com/WhenWeAllVote/status/1318952747010543617,0,,,,,,,,[],,,,
1,1319330021123657729,1319330021123657728,2020-10-22 19:29:23 ora legale Europa occidentale,2020-10-22,19:29:23,200,17565514,shondarhimes,shonda rhimes,,"Vote. Vote. Vote, people.  https://t.co/EThhtCkHGq",en,[],[],[],49,109,2125,[],[],https://twitter.com/shondarhimes/status/1319330021123657729,False,,1,https://pbs.twimg.com/ext_tw_video_thumb/1319329942946021376/pu/img/fx92VrwHX1aeoYDM.jpg,,,,,,,[],,,,
0,1319770803789942786,1319770802753921024,2020-10-24 00:40:54 ora legale Europa occidentale,2020-10-24,00:40:54,200,17565514,shondarhimes,shonda rhimes,,"From 10/24-10/30, 6AM - 8PM local time, use promo code NIKE2020 to get a $10 discount off a ride to a poll location or registered ballot dropbox.",en,[],[],[],2,72,197,[],[],https://twitter.com/shondarhimes/status/1319770803789942786,False,,0,,,,,,,,[],,,,
1,1319699912641159169,1319699912641159168,2020-10-23 19:59:12 ora legale Europa occidentale,2020-10-23,19:59:12,200,17565514,shondarhimes,shonda rhimes,,"My friends at @whenweallvote are hosting a #CouchParty TODAY to make sure YOU and your squad are ready to vote.   There will be music, special guests, and volunteer fun. Join us!  https://t.co/Suop5sLfsb  https://t.co/ONUvVAAzUx",en,"[{'screen_name': 'whenweallvote', 'name': 'when we all vote', 'id': '1004804740105035777'}]",['https://instagr.am/p/CGsdkdMJN6S/'],['https://pbs.twimg.com/media/ElCEE7yXgAEj43O.jpg'],5,8,67,['couchparty'],[],https://twitter.com/shondarhimes/status/1319699912641159169,False,,1,https://pbs.twimg.com/media/ElCEE7yXgAEj43O.jpg,,,,,,,[],,,,
2,1319693396185772032,1319693396185772032,2020-10-23 19:33:19 ora legale Europa occidentale,2020-10-23,19:33:19,200,17565514,shondarhimes,shonda rhimes,,"Today is the day.   My friends at @WhenWeAllVote are hosting a #CouchParty to make sure YOU and your squad are ready to vote.   There will be music, special guests, and volunteer fun. Join us:  https://t.co/amuZw6m6rH  https://t.co/AW7HYHYqoM",en,"[{'screen_name': 'whenweallvote', 'name': 'when we all vote', 'id': '1004804740105035777'}]",['http://weall.vote/couchparty'],['https://pbs.twimg.com/media/ElB-CgLU8AE6LTc.jpg'],1,15,122,['couchparty'],[],https://twitter.com/shondarhimes/status/1319693396185772032,False,,1,https://pbs.twimg.com/media/ElB-CgLU8AE6LTc.jpg,,,,,,,[],,,,
3,1319688856703152130,1319688856703152128,2020-10-23 19:15:16 ora legale Europa occidentale,2020-10-23,19:15:16,200,17565514,shondarhimes,shonda rhimes,,.@byshondaland shares some key takeaways from last night's final presidential debate. #Debates2020   https://t.co/kM0GKbSVLy,en,"[{'screen_name': 'byshondaland', 'name': 'shondaland digital', 'id': '2619950906'}]",['https://www.shondaland.com/act/news-politics/a34462864/takeaways-from-the-last-2020-presidential-debate/'],[],5,7,87,['debates2020'],[],https://twitter.com/shondarhimes/status/1319688856703152130,False,,0,,,,,,,,[],,,,
0,1320047272869154817,1320047272869154816,2020-10-24 18:59:29 ora legale Europa occidentale,2020-10-24,18:59:29,200,17565514,shondarhimes,shonda rhimes,,We need to make our voice heard. Tag your friends who still need to vote! Chicago peeps: Need a ride to the polls for early voting? @Nike is giving you $10 toward your @Lyft ride to the polls with the code NIKE2020. #youcantstopourvoice  https://t.co/padvNMZ9ue  https://t.co/LTZe1TkixX,en,"[{'screen_name': 'nike', 'name': 'nike', 'id': '415859364'}, {'screen_name': 'lyft', 'name': 'lyft', 'id': '569569550'}]",['https://instagr.am/p/CGu9qdvH1ml/'],['https://pbs.twimg.com/media/ElG___VWkAQDiFt.jpg'],3,44,169,['youcantstopourvoice'],[],https://twitter.com/shondarhimes/status/1320047272869154817,False,,1,https://pbs.twimg.com/media/ElG___VWkAQDiFt.jpg,,,,,,,[],,,,
1,1320022775088644096,1320022775088644096,2020-10-24 17:22:09 ora legale Europa occidentale,2020-10-24,17:22:09,200,17565514,shondarhimes,shonda rhimes,,Sharing some beautiful and wise parenting words this morning from @caterinatweets,en,"[{'screen_name': 'caterinatweets', 'name': 'caterina scorsone', 'id': '126414598'}]",[],[],17,169,2571,[],[],https://twitter.com/shondarhimes/status/1320022775088644096,False,https://twitter.com/GMA/status/1319715212547792896,0,,,,,,,,[],,,,
0,1321158831934615553,1321158831934615552,2020-10-27 19:36:26 ora solare Europa occidentale,2020-10-27,19:36:26,200,17565514,shondarhimes,shonda rhimes,,We‚Äôre going to a Different World this week. Join me in the #ZoomWhereitHappens ‚Üí  https://t.co/OKg1zO8vJ5  https://t.co/tFLxgZoNJA,en,[],['http://www.mobilize.us/zoomwhereithappens/event/315929/'],['https://pbs.twimg.com/media/ElWyt4KVgAAvz_k.jpg'],6,25,274,['zoomwhereithappens'],[],https://twitter.com/shondarhimes/status/1321158831934615553,False,,1,https://pbs.twimg.com/media/ElWyt4KVgAAvz_k.jpg,,,,,,,[],,,,
1,1321122134593204225,1321122134593204224,2020-10-27 17:10:36 ora solare Europa occidentale,2020-10-27,17:10:36,200,17565514,shondarhimes,shonda rhimes,,"I spoke with feminist badass filmmakers @dyllanmcgee and Sara Wolitzky about their latest documentary for the @MAKERSwomen series, ""Not Done: Women Remaking America,"" premiering and streaming TONIGHT on @PBS at 8/7C.  https://t.co/PISdRMy30R",en,"[{'screen_name': 'dyllanmcgee', 'name': '.', 'id': '86436775'}, {'screen_name': 'makerswomen', 'name': 'makers', 'id': '491350825'}, {'screen_name': 'pbs', 'name': 'pbs', 'id': '12133382'}]",['https://www.shondaland.com/change-makers/a34487241/shonda-rhimes-interviews-makers-filmmakers-dyllan-mcgee-and-sara-wolitzky-about-what-it-will-take-to-make-real-progress/'],[],9,21,159,[],[],https://twitter.com/shondarhimes/status/1321122134593204225,False,,0,,,,,,,,[],,,,
0,1321572278577074183,1321572278577074176,2020-10-28 22:59:19 ora solare Europa occidentale,2020-10-28,22:59:19,200,17565514,shondarhimes,shonda rhimes,,This is where I will be tomorrow...!!  https://t.co/HHu3pPgZVQ  https://t.co/vDk2rH2wXG,en,[],['https://instagr.am/p/CG5ty-BHfXa/'],['https://pbs.twimg.com/media/Elcq--4XYAISqPk.jpg'],3,8,101,[],[],https://twitter.com/shondarhimes/status/1321572278577074183,False,,1,https://pbs.twimg.com/media/Elcq--4XYAISqPk.jpg,,,,,,,[],,,,
1,1321561924983611392,1321561924983611392,2020-10-28 22:18:11 ora solare Europa occidentale,2020-10-28,22:18:11,200,17565514,shondarhimes,shonda rhimes,,"Humbled to be receiving a #GirlHero Award this weekend with two amazing leaders, @taranaburke and @doloreshuerta! Register to attend the 2020 @GirlUp  #GirlHero Awards on October 29 at 12 pm EST ‚û°Ô∏è  https://t.co/vsqr6EmyGc  https://t.co/KCaZT31vNl",en,"[{'screen_name': 'taranaburke', 'name': 'tarana', 'id': '16863340'}, {'screen_name': 'doloreshuerta', 'name': 'dolores huerta', 'id': '263879706'}, {'screen_name': 'girlup', 'name': 'girl up', 'id': '128246602'}]",['http://GirlUp.org/girlhero'],['https://pbs.twimg.com/media/ElchakFUYAAyExo.jpg'],6,10,216,"['girlhero', 'girlhero']",[],https://twitter.com/shondarhimes/status/1321561924983611392,False,,1,https://pbs.twimg.com/media/ElchakFUYAAyExo.jpg,,,,,,,[],,,,
2,1321561565133377536,1321561565133377536,2020-10-28 22:16:45 ora solare Europa occidentale,2020-10-28,22:16:45,200,17565514,shondarhimes,shonda rhimes,,I will be doing this tomorrow! Answering your questions!  And chatting with the amazing  @jscandalp cause voting is fun! So join us! #vote  https://t.co/rsSzpMmyLI,en,"[{'screen_name': 'jscandalp', 'name': 'jeff perry', 'id': '502017570'}]",[],['https://pbs.twimg.com/media/ElchPN1U0AAFOMP.jpg'],2,7,127,['vote'],[],https://twitter.com/shondarhimes/status/1321561565133377536,False,,1,https://pbs.twimg.com/media/ElchPN1U0AAFOMP.jpg,,,,,,,[],,,,
3,1321489814336630785,1321489814336630784,2020-10-28 17:31:38 ora solare Europa occidentale,2020-10-28,17:31:38,200,17565514,shondarhimes,shonda rhimes,,The story behind @OfficialDADance is inspirational and badass. It's one of my favorites. @msdebbieallen continuously sets the bar high for her tribe and the world.  I can't wait for you all to see Dance Dreams: Hot Chocolate Nutcracker.  Coming to @Netflix on November 27.  https://t.co/BAznsVE8Vh,en,"[{'screen_name': 'officialdadance', 'name': 'debbie allen dance academy', 'id': '2284360292'}, {'screen_name': 'msdebbieallen', 'name': 'debbie allen', 'id': '31483387'}, {'screen_name': 'netflix', 'name': 'netflix', 'id': '16573941'}]",[],[],7,65,598,[],[],https://twitter.com/shondarhimes/status/1321489814336630785,False,,1,https://pbs.twimg.com/ext_tw_video_thumb/1321485409264697344/pu/img/5lVjyPN-JiqPgOP_.jpg,,,,,,,[],,,,
4,1321489274953347072,1321489274953347072,2020-10-28 17:29:29 ora solare Europa occidentale,2020-10-28,17:29:29,200,17565514,shondarhimes,shonda rhimes,,It's time to get out there and vote with @fieldteam_6.  Join me tomorrow at 3:30 PT/6:30 ET for this free virtual event. #Elections2020    https://t.co/EKN0BzPJB8,en,"[{'screen_name': 'fieldteam_6', 'name': 'field team 6 - register democrats. save the world.', 'id': '1093579367937118208'}]",['https://www.mobilize.us/ft6/event/358380/'],[],2,14,110,['elections2020'],[],https://twitter.com/shondarhimes/status/1321489274953347072,False,,0,,,,,,,,[],,,,
5,1321486042260594688,1321486042260594688,2020-10-28 17:16:39 ora solare Europa occidentale,2020-10-28,17:16:39,200,17565514,shondarhimes,shonda rhimes,,"""I‚Äôm constantly fighting for the show as a whole to be as good as it can be. As a producer, I feel like I have permission to be able to do that."" - @EllenPompeo   Lucky to know and work with these badass women.  https://t.co/ySmVISP0sY",en,"[{'screen_name': 'ellenpompeo', 'name': 'ellen pompeo', 'id': '1290082680'}]",['https://variety.com/2020/tv/news/greys-anatomy-ellen-pompeo-debbie-allen-krista-vernoff-chandra-wilson-1234816801/'],[],66,305,4309,[],[],https://twitter.com/shondarhimes/status/1321486042260594688,False,,0,,,,,,,,[],,,,
0,1322236649221332993,1322236649221332992,2020-10-30 18:59:17 ora solare Europa occidentale,2020-10-30,18:59:17,200,17565514,shondarhimes,shonda rhimes,,The assistant in the background in 2005?¬†¬†Is the Show Creator in 2020! #flashbackfriday  https://t.co/HwPlIO16Mz  https://t.co/3FA8T7Us8N,en,[],['https://instagr.am/p/CG-eJLEpbhH/'],['https://pbs.twimg.com/media/ElmHOdHWkAASOYO.jpg'],9,14,633,['flashbackfriday'],[],https://twitter.com/shondarhimes/status/1322236649221332993,False,,1,https://pbs.twimg.com/media/ElmHOdHWkAASOYO.jpg,,,,,,,[],,,,
0,1323389354559983617,1323389354559983616,2020-11-02 23:19:44 ora solare Europa occidentale,2020-11-02,23:19:44,200,17565514,shondarhimes,shonda rhimes,,I say @chrisvandusen + #JuliaQuinn + @shondaland = Happy Holidays. @bridgerton,en,"[{'screen_name': 'chrisvandusen', 'name': 'chris van dusen', 'id': '28009985'}, {'screen_name': 'shondaland', 'name': 'shondaland tv', 'id': '1217858534387224579'}, {'screen_name': 'bridgerton', 'name': 'bridgerton', 'id': '1232061287301074945'}]",[],[],22,31,397,['juliaquinn'],[],https://twitter.com/shondarhimes/status/1323389354559983617,False,https://twitter.com/chrisvandusen/status/1323277544817188864,0,,,,,,,,[],,,,
1,1323362318202281984,1323362318202281984,2020-11-02 21:32:18 ora solare Europa occidentale,2020-11-02,21:32:18,200,17565514,shondarhimes,shonda rhimes,,"Need a brain break? Take a trip down memory lane by celebrating ""Cinderella's"" 23rd anniversary.   https://t.co/rmKOZcb4Dg",en,[],['https://www.shondaland.com/inspire/a13138172/brandy-whitney-houston-oral-history-cinderella/'],[],23,120,877,[],[],https://twitter.com/shondarhimes/status/1323362318202281984,False,,0,,,,,,,,[],,,,
2,1323338997423349763,1323338997423349760,2020-11-02 19:59:38 ora solare Europa occidentale,2020-11-02,19:59:38,200,17565514,shondarhimes,shonda rhimes,,"Election Day is TOMORROW!! #WhenWeAllVote, we make sure no one is left behind. So if you haven‚Äôt voted yet, get your #VotingSquad NOW and make a plan to vote Tuesday. @whenweallvote can help you find your polling place. Click the link in bio.  https://t.co/KYfGKUaClZ  https://t.co/bSTtmILST6",en,"[{'screen_name': 'whenweallvote', 'name': 'when we all vote', 'id': '1004804740105035777'}]",['https://instagr.am/p/CHGSBQnJcO5/'],['https://pbs.twimg.com/media/El1xzi0X0AEmPhN.jpg'],3,94,275,"['whenweallvote', 'votingsquad']",[],https://twitter.com/shondarhimes/status/1323338997423349763,False,,1,https://pbs.twimg.com/media/El1xzi0X0AEmPhN.jpg,,,,,,,[],,,,
3,1323319084906283008,1323319084906283008,2020-11-02 18:40:30 ora solare Europa occidentale,2020-11-02,18:40:30,200,17565514,shondarhimes,shonda rhimes,,These girls... #VOTE   https://t.co/VkLt9Qfoks,en,[],['https://www.youtube.com/watch?v=syQR52NbnNI&feature=youtu.be'],[],6,28,123,['vote'],[],https://twitter.com/shondarhimes/status/1323319084906283008,False,,0,,,,,,,,[],,,,
4,1323317112673169410,1323317112673169408,2020-11-02 18:32:40 ora solare Europa occidentale,2020-11-02,18:32:40,200,17565514,shondarhimes,shonda rhimes,,"Election Day is TOMORROW!! #WhenWeAllVote, we make sure no one is left behind. So if you haven‚Äôt voted yet, get your #VotingSquad NOW and make a plan to vote Tuesday. @WhenWeAllVote can help you find your polling place at  https://t.co/E1MleEY3Ib.",en,"[{'screen_name': 'whenweallvote', 'name': 'when we all vote', 'id': '1004804740105035777'}]",['http://weall.vote/hub'],[],8,20,136,"['whenweallvote', 'votingsquad']",[],https://twitter.com/shondarhimes/status/1323317112673169410,False,https://twitter.com/WhenWeAllVote/status/1322554271292887042,0,,,,,,,,[],,,,
8,1323287758840844288,1323287758840844288,2020-11-02 16:36:01 ora solare Europa occidentale,2020-11-02,16:36:01,200,17565514,shondarhimes,shonda rhimes,,See you on December 25.  https://t.co/usIiidfHAr,en,[],[],['https://pbs.twimg.com/media/El1CgiQU0AA1-a3.jpg'],234,1128,9953,[],[],https://twitter.com/shondarhimes/status/1323287758840844288,False,,1,https://pbs.twimg.com/media/El1CgiQU0AA1-a3.jpg,,,,,,,[],,,,
9,1323282336230699008,1323282336230699008,2020-11-02 16:14:29 ora solare Europa occidentale,2020-11-02,16:14:29,200,17565514,shondarhimes,shonda rhimes,,People. @bridgerton magic is right around the corner. Get excited.  https://t.co/UeQ9ZPq0wl,en,"[{'screen_name': 'bridgerton', 'name': 'bridgerton', 'id': '1232061287301074945'}]",[],[],99,368,3530,[],[],https://twitter.com/shondarhimes/status/1323282336230699008,False,,1,https://pbs.twimg.com/ext_tw_video_thumb/1323281267320778752/pu/img/1Wt4B39Lf3KfgOLg.jpg,,,,,,,[],,,,
0,1323671154226270208,1323671154226270208,2020-11-03 17:59:30 ora solare Europa occidentale,2020-11-03,17:59:30,200,17565514,shondarhimes,shonda rhimes,,"Vote, people. This @kadirnelson painting is one of the most precious gift i have ever received from Queen @therealdebbieallen. It hangs in my kitchen to remind us of all the people who fought for our right to vote.  #vote  https://t.co/Vd93OTMzUC  https://t.co/oHGh9yJsP9",en,"[{'screen_name': 'kadirnelson', 'name': 'kadir nelson', 'id': '375945620'}]",['https://instagr.am/p/CHInCfoHkih/'],['https://pbs.twimg.com/media/El6f5mCW0AAzVCi.jpg'],16,110,1004,['vote'],[],https://twitter.com/shondarhimes/status/1323671154226270208,False,,1,https://pbs.twimg.com/media/El6f5mCW0AAzVCi.jpg,,,,,,,[],,,,
1,1323646161689825280,1323646161689825280,2020-11-03 16:20:11 ora solare Europa occidentale,2020-11-03,16:20:11,200,17565514,shondarhimes,shonda rhimes,,Text VOTE to 56005 to find your polling place NOW. Make sure to bring your #VotingSquad to the polls with you!  https://t.co/JA7qvlcYKp,en,[],[],['https://pbs.twimg.com/media/El6JA37VcAAcAyH.jpg'],5,125,469,['votingsquad'],[],https://twitter.com/shondarhimes/status/1323646161689825280,False,,1,https://pbs.twimg.com/media/El6JA37VcAAcAyH.jpg,,,,,,,[],,,,
0,1325947229056589824,1325947229056589824,2020-11-10 00:43:48 ora solare Europa occidentale,2020-11-10,00:43:48,200,17565514,shondarhimes,shonda rhimes,,"How a Female President in 'Scandal' ""Let Our Country Practice Seeing Something New"" (Guest Column)  https://t.co/LlewgLIs0i via @thr",en,"[{'screen_name': 'thr', 'name': 'the hollywood reporter', 'id': '17446621'}]",['https://www.hollywoodreporter.com/live-feed/how-a-female-president-in-scandal-let-our-country-practice-seeing-something-new-guest-column?utm_source=Sailthru&utm_medium=email&utm_campaign=THR%20Breaking%20News&utm_term=hollywoodreporter_breakingnews'],[],15,63,833,[],[],https://twitter.com/shondarhimes/status/1325947229056589824,False,,0,,,,,,,,[],,,,
0,1327372582492901376,1327372582492901376,2020-11-13 23:07:39 ora solare Europa occidentale,2020-11-13,23:07:39,200,17565514,shondarhimes,shonda rhimes,,Had the pleasure of speaking with Esi Eggleston Bracey and @SenHJMitchell about @thecrownact. People. Get involved here ‚Üí  https://t.co/wxoIO9Cwol  #Dove #PassTheCrown  https://t.co/sOQMGSlkhE,en,"[{'screen_name': 'thecrownact', 'name': 'the crown act', 'id': '1112727438692364288'}]",['https://bit.ly/2IpOfmX'],[],13,19,253,"['dove', 'passthecrown']",[],https://twitter.com/shondarhimes/status/1327372582492901376,False,,1,https://pbs.twimg.com/ext_tw_video_thumb/1327371976222986243/pu/img/1UoKngvhVTwhKCTg.jpg,,,,,,,[],,,,
2,1327105401578405888,1327105401578405888,2020-11-13 05:25:58 ora solare Europa occidentale,2020-11-13,05:25:58,200,17565514,shondarhimes,shonda rhimes,,Thought I would check in on twitter to see if you enjoyed the dreamy gift @KristaVernoff &amp; @EllenPompeo gave to brighten up your 2020...  üòò#GreysAnatomy,en,"[{'screen_name': 'kristavernoff', 'name': 'krista vernoff', 'id': '43254005'}, {'screen_name': 'ellenpompeo', 'name': 'ellen pompeo', 'id': '1290082680'}]",[],[],1492,1747,27408,['greysanatomy'],[],https://twitter.com/shondarhimes/status/1327105401578405888,False,,0,,,,,,,,[],,,,
0,1327840718572830721,1327840718572830720,2020-11-15 06:07:52 ora solare Europa occidentale,2020-11-15,06:07:52,200,17565514,shondarhimes,shonda rhimes,,I mean...#StevieWonder always sounds perfect and timeless. #DADAgala @OfficialDADance,en,"[{'screen_name': 'officialdadance', 'name': 'debbie allen dance academy', 'id': '2284360292'}]",[],[],12,6,423,"['steviewonder', 'dadagala']",[],https://twitter.com/shondarhimes/status/1327840718572830721,False,,0,,,,,,,,[],,,,
1,1327824963554799616,1327824963554799616,2020-11-15 05:05:15 ora solare Europa occidentale,2020-11-15,05:05:15,200,17565514,shondarhimes,shonda rhimes,,Thr gala is going on right now and it has been amazing!   https://t.co/OEzM4SBttf,en,[],['https://youtu.be/NtzROdsB2Ak'],[],4,6,151,[],[],https://twitter.com/shondarhimes/status/1327824963554799616,False,,0,,,,,,,,[],,,,
0,1328443820963291142,1328443820963291136,2020-11-16 22:04:22 ora solare Europa occidentale,2020-11-16,22:04:22,200,17565514,shondarhimes,shonda rhimes,,"In celebration of our documentary re the amazing @msdebbieallen on @netflix, we partnered with @TheLittleMarket to create some #DanceDreams merch. 50% of proceeds go to support dance at @OfficialDADance!   https://t.co/vnoj9TpHIE  https://t.co/bcxqIKivBT",en,"[{'screen_name': 'msdebbieallen', 'name': 'debbie allen', 'id': '31483387'}, {'screen_name': 'netflix', 'name': 'netflix', 'id': '16573941'}, {'screen_name': 'thelittlemarket', 'name': 'the little market', 'id': '1078046894'}, {'screen_name': 'officialdadance', 'name': 'debbie allen dance academy', 'id': '2284360292'}]",['https://bit.ly/DADAMerchxShonda'],['https://pbs.twimg.com/media/Em-Uer8VQAAs8hO.jpg'],5,19,279,['dancedreams'],[],https://twitter.com/shondarhimes/status/1328443820963291142,False,,1,https://pbs.twimg.com/media/Em-Uer8VQAAs8hO.jpg,,,,,,,[],,,,
1,1328414412533755904,1328414412533755904,2020-11-16 20:07:31 ora solare Europa occidentale,2020-11-16,20:07:31,200,17565514,shondarhimes,shonda rhimes,,"This.   @byshondaland asked several thought leaders and experts about where the US should go, and how we can grow and build a new future.",en,"[{'screen_name': 'byshondaland', 'name': 'shondaland digital', 'id': '2619950906'}]",[],[],3,3,151,[],[],https://twitter.com/shondarhimes/status/1328414412533755904,False,https://twitter.com/byshondaland/status/1328410092912295936,0,,,,,,,,[],,,,
0,1330616941153837061,1330616941153837056,2020-11-22 21:59:35 ora solare Europa occidentale,2020-11-22,21:59:35,200,17565514,shondarhimes,shonda rhimes,,"Aw, @personalized.bypatty made a new batch!  I think they are so pretty!  #greysanatomy #holidayseason  https://t.co/LZ2eUncxr7  https://t.co/sYn4xqGr3A",en,"[{'screen_name': 'personalized', 'name': 'personalized', 'id': '14755883'}]",['https://instagr.am/p/CH5-0tLnMdw/'],['https://pbs.twimg.com/media/EndNDn9XYAU1KCT.jpg'],11,22,583,"['greysanatomy', 'holidayseason']",[],https://twitter.com/shondarhimes/status/1330616941153837061,False,,1,https://pbs.twimg.com/media/EndNDn9XYAU1KCT.jpg,,,,,,,[],,,,
0,1332015275453992961,1332015275453992960,2020-11-26 18:36:03 ora solare Europa occidentale,2020-11-26,18:36:03,200,17565514,shondarhimes,shonda rhimes,,"Director Oliver Bokelberg Takes Us Inside 'Dance Dreams: Hot Chocolate Nutcracker'.  Most of you know ‚Å¶@bokelberg‚Å© as DP on #Scandal. He also directed episodes of the show!  Check out his glorious photos here.  Oliver, I am thankful for you!!  https://t.co/xudB2guvpp",en,"[{'screen_name': 'bokelberg', 'name': 'oliver bokelberg', 'id': '485379466'}]",['https://www.shondaland.com/inspire/a34728811/director-oliver-bokelberg-dance-dreams-hot-chocolate-nutcracker/'],[],3,7,159,['scandal'],[],https://twitter.com/shondarhimes/status/1332015275453992961,False,,0,,,,,,,,[],,,,
0,1332827803662782467,1332827803662782464,2020-11-29 00:24:45 ora solare Europa occidentale,2020-11-29,00:24:45,200,17565514,shondarhimes,shonda rhimes,,"In honor of #DanceDreams, you can support @OfficialDADance while holiday shopping at the same time!  https://t.co/vnoj9TpHIE  https://t.co/jzIlWoI7Yf",en,"[{'screen_name': 'officialdadance', 'name': 'debbie allen dance academy', 'id': '2284360292'}]",['https://bit.ly/DADAMerchxShonda'],"['https://pbs.twimg.com/media/En8n0jxVcAAOCO5.jpg', 'https://pbs.twimg.com/media/En8n0jvVEAAcG2I.jpg', 'https://pbs.twimg.com/media/En8n0k_UUAAg8sD.jpg', 'https://pbs.twimg.com/media/En8n0n2VcAEBrA5.jpg']",3,25,199,['dancedreams'],[],https://twitter.com/shondarhimes/status/1332827803662782467,False,,1,https://pbs.twimg.com/media/En8n0jxVcAAOCO5.jpg,,,,,,,[],,,,
0,1333844724646461440,1333844724646461440,2020-12-01 19:45:38 ora solare Europa occidentale,2020-12-01,19:45:38,200,17565514,shondarhimes,shonda rhimes,,Support @OfficialDADance this #GivingTuesday with your purchases from @TheLittleMarket.,en,"[{'screen_name': 'officialdadance', 'name': 'debbie allen dance academy', 'id': '2284360292'}, {'screen_name': 'thelittlemarket', 'name': 'the little market', 'id': '1078046894'}]",[],[],1,5,89,['givingtuesday'],[],https://twitter.com/shondarhimes/status/1333844724646461440,False,https://twitter.com/shondarhimes/status/1332827803662782467,0,,,,,,,,[],,,,
1,1333816807149342722,1333816807149342720,2020-12-01 17:54:42 ora solare Europa occidentale,2020-12-01,17:54:42,200,17565514,shondarhimes,shonda rhimes,,Constantly inspired by you! It was an honor documenting your talent and @OfficialDADance's work.,en,"[{'screen_name': 'officialdadance', 'name': 'debbie allen dance academy', 'id': '2284360292'}]",[],[],5,29,429,[],[],https://twitter.com/shondarhimes/status/1333816807149342722,False,https://twitter.com/msdebbieallen/status/1333796219856908301,0,,,,,,,,[],,,,
0,1334153872055574535,1334153872055574528,2020-12-02 16:14:05 ora solare Europa occidentale,2020-12-02,16:14:05,200,17565514,shondarhimes,shonda rhimes,,"My #SpotifyWrapped list  shouts ‚ÄúI have little kids‚Äù.  My top song is from Frozen bc it has stolen our kids. My top artist is @YoYo_Ma bc he‚Äôs magic ‚Äústop hitting your sister‚Äù music. And there‚Äôs much @OfficialTLC bc, so help me, these babies WILL learn all lyrics to Waterfalls.",en,"[{'screen_name': 'yoyo_ma', 'name': 'yo-yo ma', 'id': '2740821001'}, {'screen_name': 'officialtlc', 'name': 'tlc', 'id': '1634196048'}]",[],[],12,15,823,['spotifywrapped'],[],https://twitter.com/shondarhimes/status/1334153872055574535,False,,0,,,,,,,,[],,,,
0,1334557862970986496,1334557862970986496,2020-12-03 18:59:24 ora solare Europa occidentale,2020-12-03,18:59:24,200,17565514,shondarhimes,shonda rhimes,,First professional photoshoot ever after making the pilot for Grey‚Äôs Anatomy. #tbt  https://t.co/1nw7YE7MV7  https://t.co/sAHWtJimrc,en,[],['https://instagr.am/p/CIWDY6aJ-wH/'],['https://pbs.twimg.com/media/EoVNTfFWEAEtiAc.jpg'],78,91,5551,['tbt'],[],https://twitter.com/shondarhimes/status/1334557862970986496,False,,1,https://pbs.twimg.com/media/EoVNTfFWEAEtiAc.jpg,,,,,,,[],,,,
0,1335984498983411717,1335984498983411712,2020-12-07 17:28:20 ora solare Europa occidentale,2020-12-07,17:28:20,200,17565514,shondarhimes,shonda rhimes,,Love everything about this. ‚ÄúRelax. Relate. Release.‚Äù #mondaymotivation from @msdebbieallen.  üé•: @strongblacklead  https://t.co/TTHoioYEWe,en,"[{'screen_name': 'msdebbieallen', 'name': 'debbie allen', 'id': '31483387'}, {'screen_name': 'strongblacklead', 'name': 'strong black lead', 'id': '955647765408722945'}]",[],[],15,111,866,['mondaymotivation'],[],https://twitter.com/shondarhimes/status/1335984498983411717,False,,1,https://pbs.twimg.com/ext_tw_video_thumb/1335984363129905161/pu/img/maTfEPUH4QJCejBo.jpg,,,,,,,[],,,,
0,1336389445440819201,1336389445440819200,2020-12-08 20:17:27 ora solare Europa occidentale,2020-12-08,20:17:27,200,17565514,shondarhimes,shonda rhimes,,THIS.,en,[],[],[],5,9,135,[],[],https://twitter.com/shondarhimes/status/1336389445440819201,False,https://twitter.com/byshondaland/status/1336389212577230849,0,,,,,,,,[],,,,
0,1337139651014926336,1337139651014926336,2020-12-10 21:58:30 ora solare Europa occidentale,2020-12-10,21:58:30,200,17565514,shondarhimes,shonda rhimes,,"Oh, I like this news.  @AmbassadorRice is brilliant. Smart women in strong positions...2021 can‚Äôt come fast enough...",en,"[{'screen_name': 'ambassadorrice', 'name': 'susan rice', 'id': '820378690920058880'}]",[],[],4,22,344,[],[],https://twitter.com/shondarhimes/status/1337139651014926336,False,https://twitter.com/NewsHour/status/1337073093454467075,0,,,,,,,,[],,,,
1,1337088339518713859,1337088339518713856,2020-12-10 18:34:36 ora solare Europa occidentale,2020-12-10,18:34:36,200,17565514,shondarhimes,shonda rhimes,,This. All of this.,en,[],[],[],9,61,670,[],[],https://twitter.com/shondarhimes/status/1337088339518713859,False,https://twitter.com/shondaland/status/1337061922735316992,0,,,,,,,,[],,,,
2,1337064400545525763,1337064400545525760,2020-12-10 16:59:29 ora solare Europa occidentale,2020-12-10,16:59:29,200,17565514,shondarhimes,shonda rhimes,,"This is happening.¬† I asked and @onepeloton said YES.¬† We‚Äôre giving you 8 weeks to say yes to your own self-care with special classes, different instructors, round table discussions.¬† Just say YES.¬† Yes to your body.¬† Yes to beginning again.¬† Yes to athl‚Ä¶  https://t.co/Z2BTWvtXc8  https://t.co/mNrjbrOmS2",en,"[{'screen_name': 'onepeloton', 'name': 'peloton', 'id': '771833052'}]",['https://instagr.am/p/CInxxrAJWCP/'],['https://pbs.twimg.com/media/Eo40_LgXEAQj2Ek.jpg'],6,15,317,[],[],https://twitter.com/shondarhimes/status/1337064400545525763,False,,1,https://pbs.twimg.com/media/Eo40_LgXEAQj2Ek.jpg,,,,,,,[],,,,
3,1337051894171185169,1337051889502924800,2020-12-10 16:09:47 ora solare Europa occidentale,2020-12-10,16:09:47,200,17565514,shondarhimes,shonda rhimes,,I want to end this year strong and start 2021 even stronger. Join me.  You don‚Äôt need a Peloton bike or tread to participate ‚Äî all you need is the app.  And it‚Äôs okay to be scared. I‚Äôm scared too.  We can do this together.  Click here to join ‚Üí  https://t.co/7RdgmVdGFE  https://t.co/63rVmzNK7z,en,[],['http://blog.onepeloton.com/shonda-rhimes-partnership/'],['https://pbs.twimg.com/media/Eo4pLfwWEAYNscC.jpg'],7,19,293,[],[],https://twitter.com/shondarhimes/status/1337051894171185169,False,,1,https://pbs.twimg.com/media/Eo4pLfwWEAYNscC.jpg,,,,,,,[],,,,
4,1337051889502924802,1337051889502924800,2020-12-10 16:09:46 ora solare Europa occidentale,2020-12-10,16:09:46,200,17565514,shondarhimes,shonda rhimes,,"This is happening.  I asked and @onepeloton said YES.  We‚Äôre giving you 8 weeks to say yes to your own self-care with special classes, different instructors, round table discussions.  Just say YES.  Yes to your body.  Yes to beginning again.  Yes to athleticism in every form.  https://t.co/7aPQf8QmYA",en,"[{'screen_name': 'onepeloton', 'name': 'peloton', 'id': '771833052'}]",[],['https://pbs.twimg.com/media/Eo4hmaTU8AECYmE.jpg'],66,99,2220,[],[],https://twitter.com/shondarhimes/status/1337051889502924802,False,,1,https://pbs.twimg.com/media/Eo4hmaTU8AECYmE.jpg,,,,,,,[],,,,
0,1337469891947872257,1337469891947872256,2020-12-11 19:50:45 ora solare Europa occidentale,2020-12-11,19:50:45,200,17565514,shondarhimes,shonda rhimes,,Are you ready to join me and end this year strong and start 2021 even stronger?   https://t.co/Aytvwiiubk,en,[],['https://blog.onepeloton.com/shonda-rhimes-partnership/'],[],11,15,225,[],[],https://twitter.com/shondarhimes/status/1337469891947872257,False,,0,,,,,,,,[],,,,
0,1338506856335958016,1338506856335958016,2020-12-14 16:31:17 ora solare Europa occidentale,2020-12-14,16:31:17,200,17565514,shondarhimes,shonda rhimes,,"Gather yourselves because the Bridgerton trailer is here. And it is GOOD. Do what you need to do to prepare for December 25 because it‚Äôs right around the corner, people. #bridgertonnetflix  https://t.co/rMS5KBPjG6",en,[],[],[],247,634,8738,['bridgertonnetflix'],[],https://twitter.com/shondarhimes/status/1338506856335958016,False,,1,https://pbs.twimg.com/amplify_video_thumb/1338506632251072514/img/5qClJSmP6Mk3O7-z.jpg,,,,,,,[],,,,
0,1339283930382479360,1339283930382479360,2020-12-16 19:59:06 ora solare Europa occidentale,2020-12-16,19:59:06,200,17565514,shondarhimes,shonda rhimes,,We‚Äôre halfway through the first week. Keeping pushing through. We got this. YOU got this.  https://t.co/kM8zoAgcRl  https://t.co/zkC6dwUCki,en,[],['https://instagr.am/p/CI3pDbzJ1ek/'],['https://pbs.twimg.com/media/EpYXozWXYAUDBGV.jpg'],7,9,327,[],[],https://twitter.com/shondarhimes/status/1339283930382479360,False,,1,https://pbs.twimg.com/media/EpYXozWXYAUDBGV.jpg,,,,,,,[],,,,
1,1339010779358511104,1339010779358511104,2020-12-16 01:53:42 ora solare Europa occidentale,2020-12-16,01:53:42,200,17565514,shondarhimes,shonda rhimes,,"I want all the things to snack on. All. The. Things. Including orange slices. Especially orange slices. I‚Äôll miss you, @onepeloton bike. Treadmill, see you soon.",en,"[{'screen_name': 'onepeloton', 'name': 'peloton', 'id': '771833052'}]",[],[],15,6,548,[],[],https://twitter.com/shondarhimes/status/1339010779358511104,False,,0,,,,,,,,[],,,,
1,1340748527182311426,1340748527182311424,2020-12-20 20:58:53 ora solare Europa occidentale,2020-12-20,20:58:53,200,17565514,shondarhimes,shonda rhimes,,"For those who need a little booty bike comfort, here‚Äôs your answer.  https://t.co/ZmgquuqIsl",en,[],[],[],14,8,303,[],[],https://twitter.com/shondarhimes/status/1340748527182311426,False,,1,https://pbs.twimg.com/ext_tw_video_thumb/1340748254292529152/pu/img/GSj_D-k_T7032Fln.jpg,,,,,,,[],,,,
0,1341518228934148096,1341518228934148096,2020-12-22 23:57:24 ora solare Europa occidentale,2020-12-22,23:57:24,200,17565514,shondarhimes,shonda rhimes,,"""If I approached taking care of myself the way I approach my job, what would that look like?""  I wrote about my collaboration with @onepeloton for @byshondaland.  https://t.co/sAfTKGMbUq",en,"[{'screen_name': 'onepeloton', 'name': 'peloton', 'id': '771833052'}, {'screen_name': 'byshondaland', 'name': 'shondaland digital', 'id': '2619950906'}]",['https://www.shondaland.com/inspire/by-shonda/a35016027/shonda-rhimes-why-i-say-yes-peloton-athlete/'],[],15,56,543,[],[],https://twitter.com/shondarhimes/status/1341518228934148096,False,,0,,,,,,,,[],,,,
0,1342175322398019584,1342175322398019584,2020-12-24 19:28:27 ora solare Europa occidentale,2020-12-24,19:28:27,200,17565514,shondarhimes,shonda rhimes,,A Queen celebrates the holidays however she may choose.  Put your crowns on and do you. Happy Holidays! #bridgertonnetflix  https://t.co/MMPkH6Njb2,en,[],[],['https://pbs.twimg.com/media/EqBdV1iVgAAiH1S.jpg'],122,267,4230,['bridgertonnetflix'],[],https://twitter.com/shondarhimes/status/1342175322398019584,False,,1,https://pbs.twimg.com/media/EqBdV1iVgAAiH1S.jpg,,,,,,,[],,,,
0,1342575745974022148,1342575745974022144,2020-12-25 21:59:36 ora solare Europa occidentale,2020-12-25,21:59:36,200,17565514,shondarhimes,shonda rhimes,,"Happy @bridgertonnetflix day! Proud of my @shondaland family for creating such a masterpiece. Enjoy, people! Happy holidays.  https://t.co/D4Ql2OLhAh  https://t.co/fyAPm4I0op",en,"[{'screen_name': 'shondaland', 'name': 'shondaland tv', 'id': '1217858534387224579'}]",['https://instagr.am/p/CJO9Tz9pSfk/'],['https://pbs.twimg.com/media/EqHJhsfXIAsMRqb.jpg'],314,151,2915,[],[],https://twitter.com/shondarhimes/status/1342575745974022148,False,,1,https://pbs.twimg.com/media/EqHJhsfXIAsMRqb.jpg,,,,,,,[],,,,
0,1346562029235163137,1346562029235163136,2021-01-05 21:59:40 ora solare Europa occidentale,2021-01-05,21:59:40,200,17565514,shondarhimes,shonda rhimes,,It‚Äôs #ElectionDay in Georgia.¬†¬†Mask up and head to the polls today before they close at 7 PM ET.  https://t.co/5TmRp9lKoE  https://t.co/T2eKtitGno,en,[],['https://instagr.am/p/CJrSeddJGPv/'],['https://pbs.twimg.com/media/Eq_zB76WMAEBlfG.jpg'],9,46,370,['electionday'],[],https://twitter.com/shondarhimes/status/1346562029235163137,False,,1,https://pbs.twimg.com/media/Eq_zB76WMAEBlfG.jpg,,,,,,,[],,,,
1,1346504426891034626,1346504426891034624,2021-01-05 18:10:46 ora solare Europa occidentale,2021-01-05,18:10:46,200,17565514,shondarhimes,shonda rhimes,,It‚Äôs #ElectionDay in Georgia.  Mask up and head to the polls today before they close at 7 PM ET.,en,[],[],[],9,59,354,['electionday'],[],https://twitter.com/shondarhimes/status/1346504426891034626,False,https://twitter.com/byshondaland/status/1346498309494435840,0,,,,,,,,[],,,,
0,1346936905699520514,1346936905699520512,2021-01-06 22:49:17 ora solare Europa occidentale,2021-01-06,22:49:17,200,17565514,shondarhimes,shonda rhimes,,THIS.,en,[],[],[],34,1205,6496,[],[],https://twitter.com/shondarhimes/status/1346936905699520514,False,https://twitter.com/NAACP/status/1346916733915955205,0,,,,,,,,[],,,,
1,1346930942665842690,1346930942665842688,2021-01-06 22:25:36 ora solare Europa occidentale,2021-01-06,22:25:36,200,17565514,shondarhimes,shonda rhimes,,Did that ignorant bitch baby just put out that video calling those terrorists ‚Äúvery special‚Äù?,en,[],[],[],979,7279,46110,[],[],https://twitter.com/shondarhimes/status/1346930942665842690,False,,0,,,,,,,,[],,,,
2,1346929767119953920,1346929767119953920,2021-01-06 22:20:55 ora solare Europa occidentale,2021-01-06,22:20:55,200,17565514,shondarhimes,shonda rhimes,,Not ‚Äúsupporters‚Äù. Not ‚Äúrioters‚Äù.  The word is ‚Äúterrorists‚Äù.,en,[],[],[],85,1536,6949,[],[],https://twitter.com/shondarhimes/status/1346929767119953920,False,https://twitter.com/politico/status/1346928796868497408,0,,,,,,,,[],,,,
3,1346917929472950275,1346917929472950272,2021-01-06 21:33:53 ora solare Europa occidentale,2021-01-06,21:33:53,200,17565514,shondarhimes,shonda rhimes,,Because that is what it is.  A coup.  Not patriotism.  A COUP.,en,[],[],[],42,663,4492,[],[],https://twitter.com/shondarhimes/status/1346917929472950275,False,https://twitter.com/brianstelter/status/1346916442265022472,0,,,,,,,,[],,,,
4,1346917678225772547,1346917678225772544,2021-01-06 21:32:53 ora solare Europa occidentale,2021-01-06,21:32:53,200,17565514,shondarhimes,shonda rhimes,,What the actual fuck?,en,[],[],[],219,1114,5754,[],[],https://twitter.com/shondarhimes/status/1346917678225772547,False,https://twitter.com/GettyImagesNews/status/1346916320965750788,0,,,,,,,,[],,,,
0,1348398065808392193,1348398065808392192,2021-01-10 23:35:25 ora solare Europa occidentale,2021-01-10,23:35:25,200,17565514,shondarhimes,shonda rhimes,,The reporting in this story is breathtaking.  And makes clear some terrifying facts.,en,[],[],[],15,62,449,[],[],https://twitter.com/shondarhimes/status/1348398065808392193,False,https://twitter.com/washingtonpost/status/1348325035975598080,0,,,,,,,,[],,,,
0,1348706111654866946,1348706111654866944,2021-01-11 19:59:29 ora solare Europa occidentale,2021-01-11,19:59:29,200,17565514,shondarhimes,shonda rhimes,,There's a lot of power in saying YES. But there's also a lot of power in saying NO. This week‚Äôs theme? Power of Saying No.  See you there.  https://t.co/qIM9JwscbX  https://t.co/ol18Xe01MQ,en,[],['https://instagr.am/p/CJ6jOaRpfix/'],['https://pbs.twimg.com/media/EreRD75XUAUAJRI.jpg'],10,17,322,[],[],https://twitter.com/shondarhimes/status/1348706111654866946,False,,1,https://pbs.twimg.com/media/EreRD75XUAUAJRI.jpg,,,,,,,[],,,,
0,1349113630235578368,1349083591532277760,2021-01-12 22:58:49 ora solare Europa occidentale,2021-01-12,22:58:49,200,17565514,shondarhimes,shonda rhimes,,Class in TWO minutes!!!,en,[],[],[],11,2,126,[],[],https://twitter.com/shondarhimes/status/1349113630235578368,False,,0,,,,,,,,[],,,,
1,1349083591532277762,1349083591532277760,2021-01-12 20:59:27 ora solare Europa occidentale,2021-01-12,20:59:27,200,17565514,shondarhimes,shonda rhimes,,How are we feeling this week? There are two @onepeloton #YearOfYes classes today. Don‚Äôt feel obligated in doing both. Find the power in saying no to one.  https://t.co/EDe01Ib495  https://t.co/pfgyPYDohP,en,"[{'screen_name': 'onepeloton', 'name': 'peloton', 'id': '771833052'}]",['https://instagr.am/p/CJ9N13gJtPO/'],['https://pbs.twimg.com/media/ErjoYLRXAAIcEK_.jpg'],17,27,428,['yearofyes'],[],https://twitter.com/shondarhimes/status/1349083591532277762,False,,1,https://pbs.twimg.com/media/ErjoYLRXAAIcEK_.jpg,,,,,,,[],,,,
2,1349079663105069056,1349079663105069056,2021-01-12 20:43:51 ora solare Europa occidentale,2021-01-12,20:43:51,200,17565514,shondarhimes,shonda rhimes,,"Listen Up! üì£   TODAY, Congress will vote on a resolution urging The Vice President to invoke the 25th Amendment.  @WhenWeAllVote helps break it down. Here‚Äôs what it all means.",en,"[{'screen_name': 'whenweallvote', 'name': 'when we all vote', 'id': '1004804740105035777'}]",[],[],14,30,283,[],[],https://twitter.com/shondarhimes/status/1349079663105069056,False,https://twitter.com/WhenWeAllVote/status/1349023602742591495,0,,,,,,,,[],,,,
3,1349071664995176448,1349071664995176448,2021-01-12 20:12:04 ora solare Europa occidentale,2021-01-12,20:12:04,200,17565514,shondarhimes,shonda rhimes,,"This. Woman.  Is.  EveryTHING.  @IAmCicelyTyson  ""Cicely Tyson Has a Secret About Living Life to the Fullest""  https://t.co/M1EHUb7lvw",en,"[{'screen_name': 'iamcicelytyson', 'name': 'cicely tyson just as i am fan page', 'id': '1498757215'}]",['https://www.nytimes.com/interactive/2021/01/11/magazine/cicely-tyson-interview.html?smid=tw-share'],[],13,108,737,[],[],https://twitter.com/shondarhimes/status/1349071664995176448,False,,0,,,,,,,,[],,,,
0,1352333243215798272,1352333243215798272,2021-01-21 20:12:24 ora solare Europa occidentale,2021-01-21,20:12:24,200,17565514,shondarhimes,shonda rhimes,,Get to know some of the @onepeloton instructors teaching #YearofYes classes.,en,"[{'screen_name': 'onepeloton', 'name': 'peloton', 'id': '771833052'}]",[],[],4,6,165,['yearofyes'],[],https://twitter.com/shondarhimes/status/1352333243215798272,False,https://twitter.com/byshondaland/status/1351956677109534726,0,,,,,,,,[],,,,
1,1352291779760984064,1352291779760984064,2021-01-21 17:27:39 ora solare Europa occidentale,2021-01-21,17:27:39,200,17565514,shondarhimes,shonda rhimes,,More #Bridgerton magic is coming soon.,en,[],[],[],690,1752,20534,['bridgerton'],[],https://twitter.com/shondarhimes/status/1352291779760984064,False,https://twitter.com/shondaland/status/1352278736956112903,0,,,,,,,,[],,,,
2,1352101406237286400,1352101406237286400,2021-01-21 04:51:10 ora solare Europa occidentale,2021-01-21,04:51:10,200,17565514,shondarhimes,shonda rhimes,,"This whole day has been an enormous relief.  Actual moments of joy.  Tomorrow, @POTUS and @VP get down to business.",en,"[{'screen_name': 'potus', 'name': 'president biden', 'id': '1349149096909668363'}, {'screen_name': 'vp', 'name': 'vice president kamala harris', 'id': '803694179079458816'}]",[],[],73,241,6946,[],[],https://twitter.com/shondarhimes/status/1352101406237286400,False,,0,,,,,,,,[],,,,
0,1353039699716108288,1353039699716108288,2021-01-23 18:59:37 ora solare Europa occidentale,2021-01-23,18:59:37,200,17565514,shondarhimes,shonda rhimes,,"This documentary on Hank Aaron was one of my first job's in Hollywood.  I was the  lowly researcher.  When I got to meet him, he treated me like a queen.  The road he paved was mighty and hard.  Rest in power, sir.  https://t.co/iq8k2mAh5i  https://t.co/KNB1xzl0rX",en,[],['https://instagr.am/p/CKZV0usHySA/'],['https://pbs.twimg.com/media/Esb2b9oVkAAnkjq.jpg'],24,220,2087,[],[],https://twitter.com/shondarhimes/status/1353039699716108288,False,,1,https://pbs.twimg.com/media/Esb2b9oVkAAnkjq.jpg,,,,,,,[],,,,
0,1354143856468480000,1354143856468480000,2021-01-26 20:07:08 ora solare Europa occidentale,2021-01-26,20:07:08,200,17565514,shondarhimes,shonda rhimes,,Today is the day we get to learn more about the trailblazer and icon that is Miss. Cicely Tyson. Buy #JustAsIAm. Study it. Tell your friends to do the same. Cicely Tyson is a national treasure.  https://t.co/5rKgWOQA0E,en,[],['https://www.harpercollins.com/products/just-as-i-am-cicely-tyson?variant=32126582095906'],[],9,146,727,['justasiam'],[],https://twitter.com/shondarhimes/status/1354143856468480000,False,,0,,,,,,,,[],,,,
0,1354840627779833858,1354840627779833856,2021-01-28 18:15:52 ora solare Europa occidentale,2021-01-28,18:15:52,200,17565514,shondarhimes,shonda rhimes,,".@Lavernecox and Shondaland Audio? I'm in. Mark your calendars, people.",en,"[{'screen_name': 'lavernecox', 'name': 'laverne cox', 'id': '63112528'}]",[],[],8,51,568,[],[],https://twitter.com/shondarhimes/status/1354840627779833858,False,https://twitter.com/byshondaland/status/1354839378204352513,0,,,,,,,,[],,,,
0,1359218581737590785,1359218581737590784,2021-02-09 20:12:17 ora solare Europa occidentale,2021-02-09,20:12:17,200,17565514,shondarhimes,shonda rhimes,,8 weeks of @onepeloton. 8 weeks of saying yes. Here‚Äôs what I‚Äôve learned.  https://t.co/W0tHnMJDxT,en,"[{'screen_name': 'onepeloton', 'name': 'peloton', 'id': '771833052'}]",[],[],31,63,719,[],[],https://twitter.com/shondarhimes/status/1359218581737590785,False,,1,https://pbs.twimg.com/ext_tw_video_thumb/1359217023192944642/pu/img/ZLl6Zc57ca_r9NVx.jpg,,,,,,,[],,,,
1,1359212262565683200,1359212262565683200,2021-02-09 19:47:10 ora solare Europa occidentale,2021-02-09,19:47:10,200,17565514,shondarhimes,shonda rhimes,,This was an amazing experience.   Life changing for me.  And for a lot of you too.  Thank you for coming along!  https://t.co/xkdGIDfrd5,en,[],['https://blog.onepeloton.com/year-of-yes/'],[],6,5,128,[],[],https://twitter.com/shondarhimes/status/1359212262565683200,False,,0,,,,,,,,[],,,,
0,1359883553475989511,1359883553475989504,2021-02-11 16:14:39 ora solare Europa occidentale,2021-02-11,16:14:39,200,17565514,shondarhimes,shonda rhimes,,Yes. Bridgerton: The Official Podcast is coming. Yes. It‚Äôs going to answer all of your BTS questions. February 18th. Mark those calendars.,en,[],[],[],77,266,2694,[],[],https://twitter.com/shondarhimes/status/1359883553475989511,False,https://twitter.com/byshondaland/status/1359881948672348163,0,,,,,,,,[],,,,
0,1362545030326493185,1362545030326493184,2021-02-19 00:30:24 ora solare Europa occidentale,2021-02-19,00:30:24,200,17565514,shondarhimes,shonda rhimes,,Happy birthday to a true legend and source of inspiration for so many people. Rest peacefully.  https://t.co/BNOgg9mb5i,en,[],[],['https://pbs.twimg.com/media/Eui7e0sVEAEM9ID.jpg'],16,149,1187,[],[],https://twitter.com/shondarhimes/status/1362545030326493185,False,,1,https://pbs.twimg.com/media/Eui7e0sVEAEM9ID.jpg,,,,,,,[],,,,
1,1362434061369708545,1362434061369708544,2021-02-18 17:09:27 ora solare Europa occidentale,2021-02-18,17:09:27,200,17565514,shondarhimes,shonda rhimes,,"You. Yes, you. Stop what you're doing and head over to iHeartRadio for the mini episode of The #Bridgerton  Podcast. Thank me later.  https://t.co/0COuTosxRi  https://t.co/RTDFYF9dp4",en,[],['https://www.iheart.com/podcast/1119-bridgerton-the-official-p-77492332/episode/getting-acquainted-meet-the-hosts-77797363/?cmp=web_share&embed=true'],[],39,81,915,['bridgerton'],[],https://twitter.com/shondarhimes/status/1362434061369708545,False,,1,https://pbs.twimg.com/ext_tw_video_thumb/1362433829131018243/pu/img/lLLZTygSkiCKkqNt.jpg,,,,,,,[],,,,
2,1362262267522244610,1362262267522244608,2021-02-18 05:46:48 ora solare Europa occidentale,2021-02-18,05:46:48,200,17565514,shondarhimes,shonda rhimes,,THIS.,en,[],[],[],15,116,1330,[],[],https://twitter.com/shondarhimes/status/1362262267522244610,False,https://twitter.com/ava/status/1362155737787494400,0,,,,,,,,[],,,,
0,1362843867326803968,1362843867326803968,2021-02-19 20:17:53 ora solare Europa occidentale,2021-02-19,20:17:53,200,17565514,shondarhimes,shonda rhimes,,"A conversation about how we can prioritize the safety and well-being of ALL Black Girls in our national policies. Very necessary. Today at 1:30 PT/4:30 ET. Tune in, people. #BlackGirlFreedomWeek @BlkGrlFreedom  @ggenyc  https://t.co/g7bOo2tCpF  https://t.co/coTtK37GEi",en,"[{'screen_name': 'blkgrlfreedom', 'name': 'black girl freedom fund', 'id': '1305611674657918986'}, {'screen_name': 'ggenyc', 'name': 'girls for gender equity (gge)', 'id': '27922611'}]",['http://1billion4blackgirls.org/black-girl-freedom-week'],['https://pbs.twimg.com/media/EunK88IVEAEHQKF.jpg'],5,41,208,['blackgirlfreedomweek'],[],https://twitter.com/shondarhimes/status/1362843867326803968,False,,1,https://pbs.twimg.com/media/EunK88IVEAEHQKF.jpg,,,,,,,[],,,,
0,1364718930615361537,1364718930615361536,2021-02-25 00:28:42 ora solare Europa occidentale,2021-02-25,00:28:42,200,17565514,shondarhimes,shonda rhimes,,"I am joining @timesupnow, @metoomvmt and @nwlc to change the conversation about sexual violence and its impact on Black communities. Head to  https://t.co/swZ2nyTL2F to take the pledge. #WeAsOurselves  https://t.co/Xvl06PJQSX",en,"[{'screen_name': 'timesupnow', 'name': ""time's up"", 'id': '941782988819521536'}, {'screen_name': 'metoomvmt', 'name': 'me too.', 'id': '920905949795246080'}, {'screen_name': 'nwlc', 'name': ""national women's law center"", 'id': '16967845'}]",['http://weasourselves.org'],['https://pbs.twimg.com/media/EvBzHEAVIAMZQw5.jpg'],7,65,386,['weasourselves'],[],https://twitter.com/shondarhimes/status/1364718930615361537,False,,1,https://pbs.twimg.com/media/EvBzHEAVIAMZQw5.jpg,,,,,,,[],,,,
0,1364971598990569472,1364971598990569472,2021-02-25 17:12:43 ora solare Europa occidentale,2021-02-25,17:12:43,200,17565514,shondarhimes,shonda rhimes,,"Today is the day. The first full episode of #Bridgerton: The Podcast is out on @iHeartradio NOW, people. Tune in.     https://t.co/fu0MehEa3C  https://t.co/wCJADbBfCe",en,"[{'screen_name': 'iheartradio', 'name': 'iheartradio', 'id': '46116615'}]",['https://ihr.fm/3qTjcRe'],[],44,105,1023,['bridgerton'],[],https://twitter.com/shondarhimes/status/1364971598990569472,False,,1,https://pbs.twimg.com/ext_tw_video_thumb/1364971559895490560/pu/img/GT-yfUCwbYr9RlEZ.jpg,,,,,,,[],,,,
0,1365391423994957829,1365391423994957824,2021-02-26 21:00:57 ora solare Europa occidentale,2021-02-26,21:00:57,200,17565514,shondarhimes,shonda rhimes,,A cosmetic fix isn‚Äôt enough. #TIMESUPGlobes #TIMESUP  https://t.co/hjebfXIRFU,en,[],[],['https://pbs.twimg.com/media/EvLSPUMVkAEXIL8.jpg'],36,336,1710,"['timesupglobes', 'timesup']",[],https://twitter.com/shondarhimes/status/1365391423994957829,False,,1,https://pbs.twimg.com/media/EvLSPUMVkAEXIL8.jpg,,,,,,,[],,,,
0,1369151698141208578,1369151698141208576,2021-03-09 06:02:57 ora solare Europa occidentale,2021-03-09,06:02:57,200,17565514,shondarhimes,shonda rhimes,,Don‚Äôt ever come for a black woman.  You may think that particular one was merely your princess but we are all our own Queens. #HarryandMeghanonOprah lessons,en,[],[],[],173,1318,13856,['harryandmeghanonoprah'],[],https://twitter.com/shondarhimes/status/1369151698141208578,False,,0,,,,,,,,[],,,,
1,1369114653813575681,1369114653813575680,2021-03-09 03:35:45 ora solare Europa occidentale,2021-03-09,03:35:45,200,17565514,shondarhimes,shonda rhimes,,"Poet. Author. Teacher. Pulitzer Price winner. One of the most influential poets of the 20th century, Gwendolyn Brooks used her art to increase awareness and understanding of Black culture. A true gift to American poetry. #WomensHistoryMonth #InternationalWomensDay  https://t.co/d49TPH3XQc",en,[],[],['https://pbs.twimg.com/media/EwAShPoWQAY6HoE.jpg'],19,216,1286,"['womenshistorymonth', 'internationalwomensday']",[],https://twitter.com/shondarhimes/status/1369114653813575681,False,,1,https://pbs.twimg.com/media/EwAShPoWQAY6HoE.jpg,,,,,,,[],,,,
0,1371543679496720387,1371543679496720384,2021-03-15 20:27:49 ora solare Europa occidentale,2021-03-15,20:27:49,200,17565514,shondarhimes,shonda rhimes,,"Congratulations to the first black woman chancellor to lead the NYC school sytstem, @MeishaPorter. An educator who is striving for equality within public schools. #WomensHistoryMonth  https://t.co/ukjSH5vzu2",en,"[{'screen_name': 'meishaporter', 'name': 'dr. meisha porter', 'id': '3300905937'}]",[],['https://pbs.twimg.com/media/EwiztSPVoAEDPkw.jpg'],15,114,923,['womenshistorymonth'],[],https://twitter.com/shondarhimes/status/1371543679496720387,False,,1,https://pbs.twimg.com/media/EwiztSPVoAEDPkw.jpg,,,,,,,[],,,,
0,1372240694094426117,1372240694094426112,2021-03-17 18:37:31 ora solare Europa occidentale,2021-03-17,18:37:31,200,17565514,shondarhimes,shonda rhimes,,Last night was an act of pure racist hatred. This is very personal to me as a mom of a child who is both Black &amp; Asian. But it shouldn‚Äôt have to be personal to know its wrong. Speak up. Hashtags are nice but actions save lives. Standing w/ the AAPI community. #StopAsianHate  https://t.co/Rtx1b2AZW9,en,[],[],['https://pbs.twimg.com/media/Ewsto5RVgAEt6pQ.jpg'],102,2530,10863,['stopasianhate'],[],https://twitter.com/shondarhimes/status/1372240694094426117,False,,1,https://pbs.twimg.com/media/Ewsto5RVgAEt6pQ.jpg,,,,,,,[],,,,
0,1374417810772795397,1374417810772795392,2021-03-23 18:48:36 ora solare Europa occidentale,2021-03-23,18:48:36,200,17565514,shondarhimes,shonda rhimes,,"Standing with @MichelleObama and @WhenWeAllVote in urging the senate to pass the #ForThePeopleAct. Stand up, speak out, take action.  https://t.co/8NsosJmPDT  https://t.co/jgGY39rEuF",en,"[{'screen_name': 'michelleobama', 'name': 'michelle obama', 'id': '409486555'}, {'screen_name': 'whenweallvote', 'name': 'when we all vote', 'id': '1004804740105035777'}]",['http://weall.vote/democracy'],"['https://pbs.twimg.com/media/ExLptr1VcAInkwq.jpg', 'https://pbs.twimg.com/media/ExLptr3VoA8lmAC.jpg']",52,402,2338,['forthepeopleact'],[],https://twitter.com/shondarhimes/status/1374417810772795397,False,,1,https://pbs.twimg.com/media/ExLptr1VcAInkwq.jpg,,,,,,,[],,,,
0,1377654534168776705,1377654534168776704,2021-04-01 18:10:11 ora legale Europa occidentale,2021-04-01,18:10:11,200,17565514,shondarhimes,shonda rhimes,,Can't get enough of Queen Charlotte. She is FLAWLESS. *Shouts in the key of Beyonc√©* Check out #Bridgerton: The Podcast as we sit down with badass/Costume Designers Guild nominated @ellenmirojnick &amp; John W. Glaser III to talk all things wardrobe.  https://t.co/osQMePcMNr  https://t.co/A4gNB7dTrF,en,"[{'screen_name': 'ellenmirojnick', 'name': 'el.j studio - auction live', 'id': '21045243'}]",['https://www.iheart.com/podcast/1119-bridgerton-the-official-p-77492332/'],['https://pbs.twimg.com/media/Ex5n9NLXEAARlLn.jpg'],38,91,1219,['bridgerton'],[],https://twitter.com/shondarhimes/status/1377654534168776705,False,,1,https://pbs.twimg.com/media/Ex5n9NLXEAARlLn.jpg,,,,,,,[],,,,
0,1378016492709634049,1378016492709634048,2021-04-02 18:08:28 ora legale Europa occidentale,2021-04-02,18:08:28,200,17565514,shondarhimes,shonda rhimes,,Remember: the Duke is never gone. He‚Äôs just waiting to be binge watched all over again. #ShondalandMenOnNetflixAreForever  https://t.co/e4fAhuKSku,en,[],[],['https://pbs.twimg.com/media/Ex-ysMYW8AIJC1P.jpg'],451,408,5983,['shondalandmenonnetflixareforever'],[],https://twitter.com/shondarhimes/status/1378016492709634049,False,,1,https://pbs.twimg.com/media/Ex-ysMYW8AIJC1P.jpg,,,,,,,[],,,,
0,1379547187705643008,1379547187705643008,2021-04-06 23:30:54 ora legale Europa occidentale,2021-04-06,23:30:54,200,17565514,shondarhimes,shonda rhimes,,Perfection. ‚ú®,en,[],[],[],10,180,2251,[],[],https://twitter.com/shondarhimes/status/1379547187705643008,False,https://twitter.com/dontemaurice/status/1379499987462160389,0,,,,,,,,[],,,,
0,1379876088118083587,1379876088118083584,2021-04-07 21:17:50 ora legale Europa occidentale,2021-04-07,21:17:50,200,17565514,shondarhimes,shonda rhimes,,Be gentle with yourself. #WorldHealthDay #WednesdayWisdom,en,[],[],[],10,77,426,"['worldhealthday', 'wednesdaywisdom']",[],https://twitter.com/shondarhimes/status/1379876088118083587,False,https://twitter.com/NAMICommunicate/status/1379807447867650050,0,,,,,,,,[],,,,
1,1379869917915140096,1379869917915140096,2021-04-07 20:53:19 ora legale Europa occidentale,2021-04-07,20:53:19,200,17565514,shondarhimes,shonda rhimes,,Flawless.,en,[],[],[],28,160,2845,[],[],https://twitter.com/shondarhimes/status/1379869917915140096,False,https://twitter.com/voguemagazine/status/1379804228160475139,0,,,,,,,,[],,,,
0,1381628089713586179,1381628089713586176,2021-04-12 17:19:40 ora legale Europa occidentale,2021-04-12,17:19:40,200,17565514,shondarhimes,shonda rhimes,,SUCH an honor! ‚ù§Ô∏è,en,[],[],[],15,26,692,[],[],https://twitter.com/shondarhimes/status/1381628089713586179,False,https://twitter.com/CostumeAwards/status/1381622953314414592,0,,,,,,,,[],,,,
0,1382060857069166593,1382060857069166592,2021-04-13 21:59:20 ora legale Europa occidentale,2021-04-13,21:59:20,200,17565514,shondarhimes,shonda rhimes,,Honored! HUGE thanks to the team for this one. @BeersBetsy @ellenmirojnick #JohnWGlaserIII Don‚Äôt miss the #CDGA's streaming LIVE tonight at 5:30 pm PT / 8:30 pm ET on @CostumeAwards Twitter.  Watch here:  https://t.co/iKp30DzZiv  https://t.co/3aMJz5boGj,en,"[{'screen_name': 'beersbetsy', 'name': 'betsy beers', 'id': '1020974935'}, {'screen_name': 'ellenmirojnick', 'name': 'el.j studio - auction live', 'id': '21045243'}, {'screen_name': 'costumeawards', 'name': 'costume designers guild awards', 'id': '276017856'}]",['http://bit.ly/cdgalive'],"['https://pbs.twimg.com/media/Ey4PB_VUUAM62W_.jpg', 'https://pbs.twimg.com/media/Ey4PbajVoAAmRHY.jpg', 'https://pbs.twimg.com/media/Ey4QBmQVcAIhn_L.jpg']",17,34,626,"['johnwglaseriii', 'cdga']",[],https://twitter.com/shondarhimes/status/1382060857069166593,False,,1,https://pbs.twimg.com/media/Ey4PB_VUUAM62W_.jpg,,,,,,,[],,,,
0,1382471818599026688,1382471818599026688,2021-04-15 01:12:21 ora legale Europa occidentale,2021-04-15,01:12:21,200,17565514,shondarhimes,shonda rhimes,,"Flowers are in order for the activist/badass, @TamikaDMallory. A leader. A change-maker. The builder and organizer we need. üôåüèæ #WCW  https://t.co/r9iMKQob9e",en,"[{'screen_name': 'tamikadmallory', 'name': 'tamika d. mallory', 'id': '248462774'}]",[],['https://pbs.twimg.com/media/Ey-GynDVEAEuLjC.jpg'],85,53,936,['wcw'],[],https://twitter.com/shondarhimes/status/1382471818599026688,False,,1,https://pbs.twimg.com/media/Ey-GynDVEAEuLjC.jpg,,,,,,,[],,,,
1,1382153203140108288,1382153203140108288,2021-04-14 04:06:17 ora legale Europa occidentale,2021-04-14,04:06:17,200,17565514,shondarhimes,shonda rhimes,,I'm filled with so much gratitude tonight. Thanks @CostumeAwards!,en,"[{'screen_name': 'costumeawards', 'name': 'costume designers guild awards', 'id': '276017856'}]",[],[],22,31,513,[],[],https://twitter.com/shondarhimes/status/1382153203140108288,False,https://twitter.com/CostumeAwards/status/1382137345923686400,0,,,,,,,,[],,,,
0,1382783468191375367,1382783468191375360,2021-04-15 21:50:44 ora legale Europa occidentale,2021-04-15,21:50:44,200,17565514,shondarhimes,shonda rhimes,,"Enjoyed a chat with @BillClinton about all things storytelling, saying YES and more. Take a listen!  https://t.co/9HpdhYv2GC  https://t.co/m2UHXpuc5B",en,"[{'screen_name': 'billclinton', 'name': 'bill clinton', 'id': '1330457336'}]",['https://iheart.com/podcast/256-why-am-i-telling-you-this-77113957/episode/shonda-rhimes-how-we-see-each-81248736/'],[],20,60,374,[],[],https://twitter.com/shondarhimes/status/1382783468191375367,False,,1,https://pbs.twimg.com/ext_tw_video_thumb/1382779537545592835/pu/img/XJv40esIz2ig7jdm.jpg,,,,,,,[],,,,
0,1385685039745310728,1385685039745310720,2021-04-23 22:00:32 ora legale Europa occidentale,2021-04-23,22:00:32,200,17565514,shondarhimes,shonda rhimes,,Tribe. #FlashbackFriday @msdebbieallen @MaraBrockAkil @ava @IssaRae  https://t.co/lXHuUnZSHC,en,"[{'screen_name': 'msdebbieallen', 'name': 'debbie allen', 'id': '31483387'}, {'screen_name': 'marabrockakil', 'name': 'mara brock akil', 'id': '584239638'}, {'screen_name': 'ava', 'name': 'ava duvernay', 'id': '14982804'}, {'screen_name': 'issarae', 'name': 'issa rae', 'id': '78525538'}]",[],['https://pbs.twimg.com/media/EzrxM1mWEAcZks3.jpg'],73,271,4941,['flashbackfriday'],[],https://twitter.com/shondarhimes/status/1385685039745310728,False,,1,https://pbs.twimg.com/media/EzrxM1mWEAcZks3.jpg,,,,,,,[],,,,
1,1385643656166653954,1385643656166653952,2021-04-23 19:16:06 ora legale Europa occidentale,2021-04-23,19:16:06,200,17565514,shondarhimes,shonda rhimes,,My latest read in honor of #WorldBookDay. A word to describe it so far? Riveting. üëèüèæ #APromisedLand @BarackObama  https://t.co/QOiq8PF2TX,en,"[{'screen_name': 'barackobama', 'name': 'barack obama', 'id': '813286'}]",[],['https://pbs.twimg.com/media/EzrLj2lXMAQi-tB.jpg'],16,47,787,"['worldbookday', 'apromisedland']",[],https://twitter.com/shondarhimes/status/1385643656166653954,False,,1,https://pbs.twimg.com/media/EzrLj2lXMAQi-tB.jpg,,,,,,,[],,,,
0,1387176698685186050,1387176698685186048,2021-04-28 00:47:52 ora legale Europa occidentale,2021-04-28,00:47:52,200,17565514,shondarhimes,shonda rhimes,,STUNNING.,en,[],[],[],23,132,3803,[],[],https://twitter.com/shondarhimes/status/1387176698685186050,False,https://twitter.com/ReginaKing/status/1387172697025753088,0,,,,,,,,[],,,,
0,1388176643424985090,1388176643424985088,2021-04-30 19:01:17 ora legale Europa occidentale,2021-04-30,19:01:17,200,17565514,shondarhimes,shonda rhimes,,Friday mood.  https://t.co/KViTUaNwG0,en,[],[],[],17,121,1110,[],[],https://twitter.com/shondarhimes/status/1388176643424985090,False,,1,https://pbs.twimg.com/media/E0PLTE3WQAYu66j.jpg,,,,,,,[],,,,
1,1391853516176732160,1391853516176732160,2021-05-10 22:31:52 ora legale Europa occidentale,2021-05-10,22:31:52,200,17565514,shondarhimes,shonda rhimes,,"Every step forward matters.  So many people in front of/behind the camera, at studios/streamers &amp; PR firms took a stand to shift a piece of the biz model that affects the economic futures of artists who are often tokenized/not included. These steps can work in any industry.",en,[],[],[],8,44,437,[],[],https://twitter.com/shondarhimes/status/1391853516176732160,False,https://twitter.com/DEADLINE/status/1391823785146392579,0,,,,,,,,[],,,,
3,1391838176310829057,1391838176310829056,2021-05-10 21:30:54 ora legale Europa occidentale,2021-05-10,21:30:54,200,17565514,shondarhimes,shonda rhimes,,"So many gems and words of wisdom dropped in this chat with the incomparable @msdebbieallen, people. See the full interview and even more BTS at  https://t.co/NnttVTHj19 before the celebration on June 6th!",en,"[{'screen_name': 'msdebbieallen', 'name': 'debbie allen', 'id': '31483387'}]",['http://tkc.co'],[],3,44,416,[],[],https://twitter.com/shondarhimes/status/1391838176310829057,False,https://twitter.com/kencen/status/1390365924428066817,0,,,,,,,,[],,,,
0,1392617313464029185,1392617313464029184,2021-05-13 01:06:55 ora legale Europa occidentale,2021-05-13,01:06:55,200,17565514,shondarhimes,shonda rhimes,,"America needs a leader like @KristenClarkeJD to lead the Civil Rights Division. Her commitment to equality, justice and opportunity for all people is what our country needs. #ConfirmClarke #WinWithBlackWomen",en,"[{'screen_name': 'kristenclarkejd', 'name': 'kristen clarke', 'id': '84734907'}]",[],[],7,50,199,"['confirmclarke', 'winwithblackwomen']",[],https://twitter.com/shondarhimes/status/1392617313464029185,False,https://twitter.com/NAACP_LDF/status/1392540255660781569,0,,,,,,,,[],,,,
1,1392615650951114755,1392615650951114752,2021-05-13 01:00:19 ora legale Europa occidentale,2021-05-13,01:00:19,200,17565514,shondarhimes,shonda rhimes,,Loving this design created by #toaste! #WednesdayWisdom  https://t.co/x7zWk4MTWV,en,[],[],['https://pbs.twimg.com/media/E1OQjbRWUA8DvBi.jpg'],5,39,264,"['toaste', 'wednesdaywisdom']",[],https://twitter.com/shondarhimes/status/1392615650951114755,False,,1,https://pbs.twimg.com/media/E1OQjbRWUA8DvBi.jpg,,,,,,,[],,,,
2,1392602141294923777,1392602141294923776,2021-05-13 00:06:38 ora legale Europa occidentale,2021-05-13,00:06:38,200,17565514,shondarhimes,shonda rhimes,,Go Stacey! üëèüèæ,en,[],[],[],28,231,3737,[],[],https://twitter.com/shondarhimes/status/1392602141294923777,False,https://twitter.com/TheRoot/status/1392601073471295492,0,,,,,,,,[],,,,
3,1392600579772346370,1392599112692879360,2021-05-13 00:00:26 ora legale Europa occidentale,2021-05-13,00:00:26,200,17565514,shondarhimes,shonda rhimes,,Use #AskTheBridgertonPodcast or submit here:  https://t.co/6OtvB1J1pe,en,[],['http://bit.ly/AskTheBridgertonPodcast'],[],3,2,33,['askthebridgertonpodcast'],[],https://twitter.com/shondarhimes/status/1392600579772346370,False,,0,,,,,,,,[],,,,
4,1392599112692879362,1392599112692879360,2021-05-12 23:54:36 ora legale Europa occidentale,2021-05-12,23:54:36,200,17565514,shondarhimes,shonda rhimes,,"Got something you‚Äôre just dying to know about #Bridgerton Season 1? Ask away, people. #AskTheBridgertonPodcast",en,[],[],[],9,28,202,"['bridgerton', 'askthebridgertonpodcast']",[],https://twitter.com/shondarhimes/status/1392599112692879362,False,https://twitter.com/byshondaland/status/1392579893737758722,0,,,,,,,,[],,,,
5,1392549749740359685,1392549749740359680,2021-05-12 20:38:27 ora legale Europa occidentale,2021-05-12,20:38:27,200,17565514,shondarhimes,shonda rhimes,,THRILLED to be partnering with @SeriesFest for a third year of discovering and mentoring up and coming talent. Cheers to another year! üéâ https://t.co/zx1OdT7kVm,en,"[{'screen_name': 'seriesfest', 'name': 'seriesfest', 'id': '3033473752'}]",['https://deadline.com/2021/05/seriesfest-shondaland-third-cycle-women-directing-mentorship-competition-1234754407/'],[],1,4,112,[],[],https://twitter.com/shondarhimes/status/1392549749740359685,False,,0,,,,,,,,[],,,,
6,1392497001833566211,1392497001833566208,2021-05-12 17:08:51 ora legale Europa occidentale,2021-05-12,17:08:51,200,17565514,shondarhimes,shonda rhimes,,Now I wish I was a college student...go Dean Rashad! ‚Å¶@PhyliciaRashad‚Å© ‚Å¶@HowardU‚Å©  https://t.co/gee6vSdyTW,en,"[{'screen_name': 'phyliciarashad', 'name': 'phylicia rashad', 'id': '1156984812655259649'}, {'screen_name': 'howardu', 'name': 'howard university', 'id': '27147528'}]",[],['https://pbs.twimg.com/media/E1MkpFvXIBASRaG.jpg'],62,404,4596,[],[],https://twitter.com/shondarhimes/status/1392497001833566211,False,,1,https://pbs.twimg.com/media/E1MkpFvXIBASRaG.jpg,,,,,,,[],,,,
7,1392474304823111683,1392474304823111680,2021-05-12 15:38:39 ora legale Europa occidentale,2021-05-12,15:38:39,200,17565514,shondarhimes,shonda rhimes,,Honored to take part in such an important conversation with a few other badass women.‚ù§Ô∏è  https://t.co/R2xet1ONxa,en,[],['https://www.hollywoodreporter.com/news/general-news/hollywood-top-female-executives-1234950963/'],[],14,105,637,[],[],https://twitter.com/shondarhimes/status/1392474304823111683,False,,0,,,,,,,,[],,,,
0,1392947917871362057,1392947917871362048,2021-05-13 23:00:37 ora legale Europa occidentale,2021-05-13,23:00:37,200,17565514,shondarhimes,shonda rhimes,,Words to live by. #Repost #DomoINK  https://t.co/qQgRalsBHH,en,[],[],['https://pbs.twimg.com/media/E1S-v8SXoAYKn0g.jpg'],15,317,1473,"['repost', 'domoink']",[],https://twitter.com/shondarhimes/status/1392947917871362057,False,,1,https://pbs.twimg.com/media/E1S-v8SXoAYKn0g.jpg,,,,,,,[],,,,
1,1393260080414535686,1393260080414535680,2021-05-14 19:41:03 ora legale Europa occidentale,2021-05-14,19:41:03,200,17565514,shondarhimes,shonda rhimes,,A little BTS photo dump. #THRPower100 @THR  https://t.co/VgBYlVVFk4,en,"[{'screen_name': 'thr', 'name': 'the hollywood reporter', 'id': '17446621'}]",[],"['https://pbs.twimg.com/media/E1Xap_qWEAQQiT1.jpg', 'https://pbs.twimg.com/media/E1XaqGRXoAESUEc.jpg', 'https://pbs.twimg.com/media/E1XaqM_XIAU-l78.jpg']",13,22,528,['thrpower100'],[],https://twitter.com/shondarhimes/status/1393260080414535686,False,,1,https://pbs.twimg.com/media/E1Xap_qWEAQQiT1.jpg,,,,,,,[],,,,
0,1394358947704827904,1394358947704827904,2021-05-17 20:27:33 ora legale Europa occidentale,2021-05-17,20:27:33,200,17565514,shondarhimes,shonda rhimes,,CELEBRATE üëèüèæ YOUR üëèüèæ SELF üëèüèæ  https://t.co/jTguRpu8A7,en,[],[],"['https://pbs.twimg.com/media/E1nCEruVEAMsz2z.jpg', 'https://pbs.twimg.com/media/E1nCEruVIAAWlqn.jpg']",10,88,502,[],[],https://twitter.com/shondarhimes/status/1394358947704827904,False,,1,https://pbs.twimg.com/media/E1nCEruVEAMsz2z.jpg,,,,,,,[],,,,
1,1395107266735611905,1395107266735611904,2021-05-19 22:01:06 ora legale Europa occidentale,2021-05-19,22:01:06,200,17565514,shondarhimes,shonda rhimes,,Dedicating #WomanCrushWednesday and a belated congratulations to #ChloeZhao - the first Asian woman to win Best Director at the Oscars. üëèüèæ  https://t.co/gAgudKQfHJ,en,[],[],['https://pbs.twimg.com/media/E1xqqNgX0Aom-JU.jpg'],5,87,1072,"['womancrushwednesday', 'chloezhao']",[],https://twitter.com/shondarhimes/status/1395107266735611905,False,,1,https://pbs.twimg.com/media/E1xqqNgX0Aom-JU.jpg,,,,,,,[],,,,
2,1395074311887761415,1395074311887761408,2021-05-19 19:50:09 ora legale Europa occidentale,2021-05-19,19:50:09,200,17565514,shondarhimes,shonda rhimes,,Because play is just as important as work. #Repost via Sade Solomon  https://t.co/ZKuliKqYAi,en,[],[],['https://pbs.twimg.com/media/E1xMsY4XsAYxcqX.jpg'],6,145,628,['repost'],[],https://twitter.com/shondarhimes/status/1395074311887761415,False,,1,https://pbs.twimg.com/media/E1xMsY4XsAYxcqX.jpg,,,,,,,[],,,,
0,1395498274497318919,1395498274497318912,2021-05-20 23:54:50 ora legale Europa occidentale,2021-05-20,23:54:50,200,17565514,shondarhimes,shonda rhimes,,This definitely has me thinking about all the fabulous shoes in my closet that are collecting dust. #ThrowbackThursday  https://t.co/rOzHLMH5au,en,[],[],['https://pbs.twimg.com/media/E13OSHlUYAAvkuC.jpg'],5,18,587,['throwbackthursday'],[],https://twitter.com/shondarhimes/status/1395498274497318919,False,,1,https://pbs.twimg.com/media/E13OSHlUYAAvkuC.jpg,,,,,,,[],,,,
2,1395460521919348737,1395460521919348736,2021-05-20 21:24:49 ora legale Europa occidentale,2021-05-20,21:24:49,200,17565514,shondarhimes,shonda rhimes,,Love this. Love @KatieQLowes even more. ‚ù§Ô∏è @people   https://t.co/frRjwZlE9B,en,"[{'screen_name': 'katieqlowes', 'name': 'katie lowes', 'id': '362786454'}, {'screen_name': 'people', 'name': 'people', 'id': '25589776'}]",['https://people.com/home/inside-katie-lowes-ranch-style-home-where-she-even-records-her-podcast-from-her-closet/'],[],2,8,119,[],[],https://twitter.com/shondarhimes/status/1395460521919348737,False,,0,,,,,,,,[],,,,
0,1397174619619004421,1397174619619004416,2021-05-25 14:56:02 ora legale Europa occidentale,2021-05-25,14:56:02,200,17565514,shondarhimes,shonda rhimes,,We Stand in Solidarity With Nikole Hannah-Jones  https://t.co/W2iAhOae1A via @TheRoot,en,"[{'screen_name': 'theroot', 'name': 'the root', 'id': '23995748'}]",['https://www.theroot.com/we-stand-in-solidarity-with-nikole-hannah-jones-1846956586?utm_medium=sharefromsite&utm_source=theroot_twitter'],[],5,54,345,[],[],https://twitter.com/shondarhimes/status/1397174619619004421,False,,0,,,,,,,,[],,,,
1,1396994484517445636,1396994484517445632,2021-05-25 03:00:14 ora legale Europa occidentale,2021-05-25,03:00:14,200,17565514,shondarhimes,shonda rhimes,,"Another day, another shoot! #bts  https://t.co/ymLV89GaO0",en,[],[],['https://pbs.twimg.com/media/E2MfEuKXEAMfzmy.jpg'],32,23,1595,['bts'],[],https://twitter.com/shondarhimes/status/1396994484517445636,False,,1,https://pbs.twimg.com/media/E2MfEuKXEAMfzmy.jpg,,,,,,,[],,,,
0,1398353594420711429,1398353594420711424,2021-05-28 21:00:51 ora legale Europa occidentale,2021-05-28,21:00:51,200,17565514,shondarhimes,shonda rhimes,,Friday mood courtesy of @SyncLadies  x @OfficialDADance üëèüèæ  https://t.co/q9N9oLz4M1,en,"[{'screen_name': 'syncladies', 'name': 'syncopated ladies', 'id': '2243031367'}, {'screen_name': 'officialdadance', 'name': 'debbie allen dance academy', 'id': '2284360292'}]",[],[],10,24,310,[],[],https://twitter.com/shondarhimes/status/1398353594420711429,False,,1,https://pbs.twimg.com/media/E2fzLiBXwAIkaMD.jpg,,,,,,,[],,,,
1,1398321264087998464,1398321264087998464,2021-05-28 18:52:23 ora legale Europa occidentale,2021-05-28,18:52:23,200,17565514,shondarhimes,shonda rhimes,,".@BeersBetsy and I are talking the craziness of developing @bridgerton through the pandemic, our partnership through the years and so much more! Take a listen, people.   https://t.co/lKKKDVbGeg  https://t.co/HJOZAQU9cC",en,"[{'screen_name': 'beersbetsy', 'name': 'betsy beers', 'id': '1020974935'}, {'screen_name': 'bridgerton', 'name': 'bridgerton', 'id': '1232061287301074945'}]",['https://podcasts.apple.com/us/podcast/shonda-rhimes-betsy-beers-on-what-makes-partnerships/id1551820452?i=1000523349129'],"['https://pbs.twimg.com/media/E2fUWkgXIAIAbsf.jpg', 'https://pbs.twimg.com/media/E2fUY6KXEAMTGnI.jpg', 'https://pbs.twimg.com/media/E2fUY6QWYAMhbq4.jpg']",10,26,400,[],[],https://twitter.com/shondarhimes/status/1398321264087998464,False,,1,https://pbs.twimg.com/media/E2fUWkgXIAIAbsf.jpg,,,,,,,[],,,,
2,1398263699861815297,1398263699861815296,2021-05-28 15:03:39 ora legale Europa occidentale,2021-05-28,15:03:39,200,17565514,shondarhimes,shonda rhimes,,Welcoming another Bridgerton to the bunch!üêù‚ù§Ô∏è,en,[],[],[],30,95,2181,[],[],https://twitter.com/shondarhimes/status/1398263699861815297,False,https://twitter.com/shondaland/status/1398262968203190277,0,,,,,,,,[],,,,
3,1398066567158587395,1398066567158587392,2021-05-28 02:00:19 ora legale Europa occidentale,2021-05-28,02:00:19,200,17565514,shondarhimes,shonda rhimes,,"The ""perfect moment"" to go after your goals doesn't exist. What are you waiting for? Start TODAY. #ThursdayGems  https://t.co/ruPmnAEEYW",en,[],[],['https://pbs.twimg.com/media/E2buIinXwAIOinn.jpg'],13,136,747,['thursdaygems'],[],https://twitter.com/shondarhimes/status/1398066567158587395,False,,1,https://pbs.twimg.com/media/E2buIinXwAIOinn.jpg,,,,,,,[],,,,
0,1400572582609313794,1400572582609313792,2021-06-03 23:58:19 ora legale Europa occidentale,2021-06-03,23:58:19,200,17565514,shondarhimes,shonda rhimes,,Growth doesn‚Äôt occur when you‚Äôre comfortable. #ThursdayThoughts #repost  https://t.co/ascEIDXfAq,en,[],[],['https://pbs.twimg.com/media/E2_VVwqVIAILU1f.jpg'],13,301,1455,"['thursdaythoughts', 'repost']",[],https://twitter.com/shondarhimes/status/1400572582609313794,False,,1,https://pbs.twimg.com/media/E2_VVwqVIAILU1f.jpg,,,,,,,[],,,,
0,1403109813203132422,1403109813203132416,2021-06-11 00:00:22 ora legale Europa occidentale,2021-06-11,00:00:22,200,17565514,shondarhimes,shonda rhimes,,"Okay. Now, I'm in the mood for summer! #tbt  https://t.co/jg1oa1qer1",en,[],[],['https://pbs.twimg.com/media/E3jY8HLXIAsCHAo.jpg'],58,68,3011,['tbt'],[],https://twitter.com/shondarhimes/status/1403109813203132422,False,,1,https://pbs.twimg.com/media/E3jY8HLXIAsCHAo.jpg,,,,,,,[],,,,
1,1403082067223584768,1403079856217198592,2021-06-10 22:10:07 ora legale Europa occidentale,2021-06-10,22:10:07,200,17565514,shondarhimes,shonda rhimes,,Go to  https://t.co/jRsiyXybIt! #CallOutYourSenators #ForThePeopleAct,en,[],['http://go2vote.org'],[],4,11,51,"['calloutyoursenators', 'forthepeopleact']",[],https://twitter.com/shondarhimes/status/1403082067223584768,False,,0,,,,,,,,[],,,,
2,1403079856217198593,1403079856217198592,2021-06-10 22:01:20 ora legale Europa occidentale,2021-06-10,22:01:20,200,17565514,shondarhimes,shonda rhimes,,"We all have the right to have our voices be heard. No matter our color, party, or zip code, our voices and our votes count. #CallOutYourSenators and urge them to vote YES on the #ForThePeopleAct  https://t.co/MR4s7aJnq1",en,[],[],['https://pbs.twimg.com/media/E3i6Q1ZVcAEGjG1.png'],7,35,201,"['calloutyoursenators', 'forthepeopleact']",[],https://twitter.com/shondarhimes/status/1403079856217198593,False,,1,https://pbs.twimg.com/media/E3i6Q1ZVcAEGjG1.png,,,,,,,[],,,,
0,1403487273182707717,1403487273182707712,2021-06-12 01:00:16 ora legale Europa occidentale,2021-06-12,01:00:16,200,17565514,shondarhimes,shonda rhimes,,Love this! #repost from @Refinery29UK  https://t.co/ezUlf3736r,en,"[{'screen_name': 'refinery29uk', 'name': 'refinery29 uk', 'id': '3893557647'}]",[],['https://pbs.twimg.com/media/E3owPHHXEAAX4dk.jpg'],21,261,1632,['repost'],[],https://twitter.com/shondarhimes/status/1403487273182707717,False,,1,https://pbs.twimg.com/media/E3owPHHXEAAX4dk.jpg,,,,,,,[],,,,
1,1403413061810024449,1403413061810024448,2021-06-11 20:05:22 ora legale Europa occidentale,2021-06-11,20:05:22,200,17565514,shondarhimes,shonda rhimes,,Morning pick-me-up. ‚ù§Ô∏è  https://t.co/4BGMSpuXOz,en,[],[],"['https://pbs.twimg.com/media/E3nsvNZUYAQXt_O.jpg', 'https://pbs.twimg.com/media/E3nsvOnUYAgzCxc.jpg']",18,21,862,[],[],https://twitter.com/shondarhimes/status/1403413061810024449,False,,1,https://pbs.twimg.com/media/E3nsvNZUYAQXt_O.jpg,,,,,,,[],,,,
0,1404891727387840517,1404891727387840512,2021-06-15 22:01:04 ora legale Europa occidentale,2021-06-15,22:01:04,200,17565514,shondarhimes,shonda rhimes,,Small wins are still wins. #repost [via IG: thegoodquote]  https://t.co/304i9GApI4,en,[],[],['https://pbs.twimg.com/media/E38tlJ1XwAI1HVk.jpg'],17,246,1440,['repost'],[],https://twitter.com/shondarhimes/status/1404891727387840517,False,,1,https://pbs.twimg.com/media/E38tlJ1XwAI1HVk.jpg,,,,,,,[],,,,
0,1409961482893156352,1409961482893156352,2021-06-29 21:46:27 ora legale Europa occidentale,2021-06-29,21:46:27,200,17565514,shondarhimes,shonda rhimes,,"Them: ""Has it been harder to do what you've done being a woman or being a person of color?""   Me: ""I haven't been anything but a woman and a person of color. That's just who I am. I don't consider them barriers or burdens, I consider them assets.""  #tuesdaythoughts",en,[],[],[],37,196,1947,['tuesdaythoughts'],[],https://twitter.com/shondarhimes/status/1409961482893156352,False,,0,,,,,,,,[],,,,
1,1412826960045223944,1412826960045223936,2021-07-07 19:32:50 ora legale Europa occidentale,2021-07-07,19:32:50,200,17565514,shondarhimes,shonda rhimes,,Loved this episode. Love them even more. ‚ù§Ô∏è,en,[],[],[],3,8,209,[],[],https://twitter.com/shondarhimes/status/1412826960045223944,False,https://twitter.com/shondaland/status/1412820629250666496,0,,,,,,,,[],,,,
0,1413540488767016961,1413540488767016960,2021-07-09 18:48:09 ora legale Europa occidentale,2021-07-09,18:48:09,200,17565514,shondarhimes,shonda rhimes,,"‚ÄúThe burden of working for racial justice is laid on the very people bearing the brunt of the injustice, and not the powerful people who maintain it. I say to you: I refuse.‚Äù - @nhannahjones BRAVO. üëèüèæ üëèüèæ üëèüèæ",en,"[{'screen_name': 'nhannahjones', 'name': 'ida bae wells', 'id': '25598396'}]",[],[],8,133,760,[],[],https://twitter.com/shondarhimes/status/1413540488767016961,False,,0,,,,,,,,[],,,,
1,1413539774770601985,1413539774770601984,2021-07-09 18:45:19 ora legale Europa occidentale,2021-07-09,18:45:19,200,17565514,shondarhimes,shonda rhimes,,"‚ÄúFor too long, powerful people have expected the people they have mistreated and marginalized to sacrifice themselves to make things whole.‚Äù @nhannahjones",en,"[{'screen_name': 'nhannahjones', 'name': 'ida bae wells', 'id': '25598396'}]",[],[],5,108,591,[],[],https://twitter.com/shondarhimes/status/1413539774770601985,False,,0,,,,,,,,[],,,,
2,1413468628322713600,1413468628322713600,2021-07-09 14:02:36 ora legale Europa occidentale,2021-07-09,14:02:36,200,17565514,shondarhimes,shonda rhimes,,"Oh, @ScrippsBee: always THE platform to showcase a joyous fascinating young speller #ZailaAvantgarde who  represents for the brilliant and brainy crowd.  Plus, she is more interesting than all of us put together!",en,"[{'screen_name': 'scrippsbee', 'name': 'scripps national spelling bee', 'id': '24189067'}]",[],[],8,68,784,['zailaavantgarde'],[],https://twitter.com/shondarhimes/status/1413468628322713600,False,https://twitter.com/NPR/status/1413339232718970883,0,,,,,,,,[],,,,
0,1416410016555356163,1416410016555356160,2021-07-17 16:50:38 ora legale Europa occidentale,2021-07-17,16:50:38,200,17565514,shondarhimes,shonda rhimes,,"I may be late to the #girls5eva party but now that I am here, OMG I AM NEVER LEAVING. üëèüèæüëèüèæüëèüèæ @SaraBareilles @ReneeGoldsberry @BusyPhilipps @perlapell",en,"[{'screen_name': 'sarabareilles', 'name': 'sara bareilles', 'id': '6211972'}, {'screen_name': 'reneegoldsberry', 'name': 'ren√©eelisegoldsberry', 'id': '163724029'}, {'screen_name': 'busyphilipps', 'name': 'busy philipps', 'id': '20344826'}, {'screen_name': 'perlapell', 'name': 'paula pell', 'id': '121849647'}]",[],[],17,74,1450,['girls5eva'],[],https://twitter.com/shondarhimes/status/1416410016555356163,False,,0,,,,,,,,[],,,,
0,1418247746910367749,1418247746910367744,2021-07-22 18:33:07 ora legale Europa occidentale,2021-07-22,18:33:07,200,17565514,shondarhimes,shonda rhimes,,In good company. #ThrowbackThursday  https://t.co/HCgPVo98Yq,en,[],[],['https://pbs.twimg.com/media/E66gSRyWUAAL7Dg.jpg'],25,114,1357,['throwbackthursday'],[],https://twitter.com/shondarhimes/status/1418247746910367749,False,,1,https://pbs.twimg.com/media/E66gSRyWUAAL7Dg.jpg,,,,,,,[],,,,
1,1418653538239057926,1418653538239057920,2021-07-23 21:25:35 ora legale Europa occidentale,2021-07-23,21:25:35,200,17565514,shondarhimes,shonda rhimes,,ALL the friday feels. üòå‚ù§Ô∏è,en,[],[],[],14,43,774,[],[],https://twitter.com/shondarhimes/status/1418653538239057926,False,https://twitter.com/shondaland/status/1418650693041221636,0,,,,,,,,[],,,,
2,1418623098249781249,1418623098249781248,2021-07-23 19:24:38 ora legale Europa occidentale,2021-07-23,19:24:38,200,17565514,shondarhimes,shonda rhimes,,Be brave. Be amazing. Be worthy. Be heard. üëäüèæ,en,[],[],[],73,1102,5605,[],[],https://twitter.com/shondarhimes/status/1418623098249781249,False,,0,,,,,,,,[],,,,
1,1420800272088109060,1420800272088109056,2021-07-29 19:35:56 ora legale Europa occidentale,2021-07-29,19:35:56,200,17565514,shondarhimes,shonda rhimes,,"""Nothing About My Journey to Become an Adoptive Dad Was Simple"" | Fatherly  https://t.co/F8Gak3H0hM",en,[],['https://www.fatherly.com/love-money/nothing-along-my-journey-to-become-an-adoptive-dad-was-as-simple-as-black-or-white/'],[],2,13,121,[],[],https://twitter.com/shondarhimes/status/1420800272088109060,False,,0,,,,,,,,[],,,,
0,1422313108559732736,1422313108559732736,2021-08-02 23:47:25 ora legale Europa occidentale,2021-08-02,23:47:25,200,17565514,shondarhimes,shonda rhimes,,"Happy birthday to the incomparable, iconic James Baldwin. ‚ù§Ô∏è  https://t.co/xZEuZ0Izot",en,[],[],[],14,136,907,[],[],https://twitter.com/shondarhimes/status/1422313108559732736,False,,1,https://pbs.twimg.com/ext_tw_video_thumb/1422313076271947776/pu/img/cu5KdRgmmK33GMAT.jpg,,,,,,,[],,,,
1,1422278664746536962,1422278664746536960,2021-08-02 21:30:32 ora legale Europa occidentale,2021-08-02,21:30:32,200,17565514,shondarhimes,shonda rhimes,,"Go, Reese! üëèüèæüéâ",en,[],[],[],1,8,226,[],[],https://twitter.com/shondarhimes/status/1422278664746536962,False,https://twitter.com/ReeseW/status/1422243575480324106,0,,,,,,,,[],,,,
1,1422562184941514760,1422562184941514752,2021-08-03 16:17:09 ora legale Europa occidentale,2021-08-03,16:17:09,200,17565514,shondarhimes,shonda rhimes,,How did I miss this?!,en,[],[],[],18,127,1174,[],[],https://twitter.com/shondarhimes/status/1422562184941514760,False,https://twitter.com/TrungTPhan/status/1421650736614559746,0,,,,,,,,[],,,,
0,1425934527172530177,1425934527172530176,2021-08-12 23:37:38 ora legale Europa occidentale,2021-08-12,23:37:38,200,17565514,shondarhimes,shonda rhimes,,AMAZING NEWS and so well-deserved. Congratulations to the one and only @msdebbieallen. Love you! üëèüèæüôåüèæ,en,"[{'screen_name': 'msdebbieallen', 'name': 'debbie allen', 'id': '31483387'}]",[],[],21,98,1827,[],[],https://twitter.com/shondarhimes/status/1425934527172530177,False,https://twitter.com/shondaland/status/1425925489789603844,0,,,,,,,,[],,,,
0,1427754401930768389,1427754401930768384,2021-08-18 00:09:10 ora legale Europa occidentale,2021-08-18,00:09:10,200,17565514,shondarhimes,shonda rhimes,,All of the feels. üòå‚ù§Ô∏è,en,[],[],[],14,1,94,[],[],https://twitter.com/shondarhimes/status/1427754401930768389,False,https://twitter.com/byshondaland/status/1427748649149165568,0,,,,,,,,[],,,,
1,1427721136175915010,1427721136175915008,2021-08-17 21:56:59 ora legale Europa occidentale,2021-08-17,21:56:59,200,17565514,shondarhimes,shonda rhimes,,So excited for my dear friend @BillieJeanKing. Get your copy today!  https://t.co/zajTp3pNz0,en,"[{'screen_name': 'billiejeanking', 'name': 'billie jean king', 'id': '35391464'}]",['https://www.penguinrandomhouse.com/books/535045/all-in-by-billie-jean-king-with-johnette-howard-and-maryanne-vollers/'],[],7,8,149,[],[],https://twitter.com/shondarhimes/status/1427721136175915010,False,https://twitter.com/BillieJeanKing/status/1427592078905774084,0,,,,,,,,[],,,,
0,1428044957374324739,1428040388170813440,2021-08-18 19:23:44 ora legale Europa occidentale,2021-08-18,19:23:44,200,17565514,shondarhimes,shonda rhimes,,@shondaland *clears space in closet*,en,[],[],[],2,2,54,[],[],https://twitter.com/shondarhimes/status/1428044957374324739,False,,0,,,,,,,,"[{'screen_name': 'shondaland', 'name': 'shondaland tv', 'id': '1217858534387224579'}]",,,,
2,1428450034459181057,1428450034459181056,2021-08-19 22:13:22 ora legale Europa occidentale,2021-08-19,22:13:22,200,17565514,shondarhimes,shonda rhimes,,The ‚Äòperfect moment‚Äô doesn‚Äôt exist! Small steps are still steps in the right direction. #ThrowbackThursday  https://t.co/ozg5crV5xB,en,[],[],[],11,90,455,['throwbackthursday'],[],https://twitter.com/shondarhimes/status/1428450034459181057,False,,1,https://pbs.twimg.com/ext_tw_video_thumb/1428449890053484544/pu/img/ej3d52n4yL-8TG4k.jpg,,,,,,,[],,,,
3,1428153104873132033,1428153104873132032,2021-08-19 02:33:28 ora legale Europa occidentale,2021-08-19,02:33:28,200,17565514,shondarhimes,shonda rhimes,,Love this! #repost #wednesdaywisdom  https://t.co/o3dCOeyeGw,en,[],[],['https://pbs.twimg.com/media/E9HRrPpVcAQSKM-.jpg'],17,406,1907,"['repost', 'wednesdaywisdom']",[],https://twitter.com/shondarhimes/status/1428153104873132033,False,,1,https://pbs.twimg.com/media/E9HRrPpVcAQSKM-.jpg,,,,,,,[],,,,
0,1428858630799990784,1428858630799990784,2021-08-21 01:16:59 ora legale Europa occidentale,2021-08-21,01:16:59,200,17565514,shondarhimes,shonda rhimes,,Dancing it out! üíÉüèΩ #fridayfeeling  https://t.co/oSjb4GQ9v6,en,[],[],[],22,34,701,['fridayfeeling'],[],https://twitter.com/shondarhimes/status/1428858630799990784,False,,1,https://pbs.twimg.com/ext_tw_video_thumb/1428858609073414151/pu/img/eYaSM9vK8ecVKwW6.jpg,,,,,,,[],,,,
1,1428795102395133954,1428795102395133952,2021-08-20 21:04:32 ora legale Europa occidentale,2021-08-20,21:04:32,200,17565514,shondarhimes,shonda rhimes,,"Say it with me, people. I AM A BADASS. üëäüèæ #repost  https://t.co/fk1LVPVKXs",en,[],[],['https://pbs.twimg.com/media/E9QZj5NVUAAIrUW.jpg'],50,895,4050,['repost'],[],https://twitter.com/shondarhimes/status/1428795102395133954,False,,1,https://pbs.twimg.com/media/E9QZj5NVUAAIrUW.jpg,,,,,,,[],,,,
0,1430583356241047554,1430583356241047552,2021-08-25 19:30:25 ora legale Europa occidentale,2021-08-25,19:30:25,200,17565514,shondarhimes,shonda rhimes,,SO EXCITED üêù,en,[],[],[],5,8,250,[],[],https://twitter.com/shondarhimes/status/1430583356241047554,False,https://twitter.com/netflix/status/1430530407729041409,0,,,,,,,,[],,,,
0,1430941628798148608,1430941628798148608,2021-08-26 19:14:04 ora legale Europa occidentale,2021-08-26,19:14:04,200,17565514,shondarhimes,shonda rhimes,,"Oh, the memories! #ifyouknowyouknow #tbt  https://t.co/kjZEcXShBJ",en,[],[],['https://pbs.twimg.com/media/E9u5xXiVUAMdCEn.jpg'],119,482,6341,"['ifyouknowyouknow', 'tbt']",[],https://twitter.com/shondarhimes/status/1430941628798148608,False,,1,https://pbs.twimg.com/media/E9u5xXiVUAMdCEn.jpg,,,,,,,[],,,,
0,1431369231673659395,1431369231673659392,2021-08-27 23:33:13 ora legale Europa occidentale,2021-08-27,23:33:13,200,17565514,shondarhimes,shonda rhimes,,Love this! #FearlessFriday #repost [thegoodquote/IG]  https://t.co/BaZgnQTFSa,en,[],[],['https://pbs.twimg.com/media/E90-us8VUAMMspj.jpg'],11,61,434,"['fearlessfriday', 'repost']",[],https://twitter.com/shondarhimes/status/1431369231673659395,False,,1,https://pbs.twimg.com/media/E90-us8VUAMMspj.jpg,,,,,,,[],,,,
0,1432741283034906625,1432741283034906624,2021-08-31 18:25:15 ora legale Europa occidentale,2021-08-31,18:25:15,200,17565514,shondarhimes,shonda rhimes,,Happily welcoming @IyanlaVanzant to the #ShondalandAudio family! ‚ù§Ô∏è  https://t.co/FEs9KM8qaq,en,"[{'screen_name': 'iyanlavanzant', 'name': 'iyanla vanzant', 'id': '27368199'}]",[],['https://pbs.twimg.com/media/E-IemcXUYAEnvRh.jpg'],8,23,201,['shondalandaudio'],[],https://twitter.com/shondarhimes/status/1432741283034906625,False,,1,https://pbs.twimg.com/media/E-IemcXUYAEnvRh.jpg,,,,,,,[],,,,
0,1433890053743210496,1433890053743210496,2021-09-03 22:30:03 ora legale Europa occidentale,2021-09-03,22:30:03,200,17565514,shondarhimes,shonda rhimes,,"TGIF. #fridayfeeling üíÉüèΩ [IG: reginaeigbe, itsjustnife, leah.tare]  https://t.co/eIkg7VQjeh",en,[],[],[],14,29,354,['fridayfeeling'],[],https://twitter.com/shondarhimes/status/1433890053743210496,False,,1,https://pbs.twimg.com/ext_tw_video_thumb/1433890020000108544/pu/img/LiOXs34IP3rsThpQ.jpg,,,,,,,[],,,,
0,1436038265052667904,1436038265052667904,2021-09-09 20:46:17 ora legale Europa occidentale,2021-09-09,20:46:17,200,17565514,shondarhimes,shonda rhimes,,Looks like the queen is requesting your presence! Who from the ton will attend? üëÄüêù https://t.co/SlYbClAcE1,en,[],['https://people.com/tv/bridgerton-experience-real-life-queens-ball-event/'],[],15,23,344,[],[],https://twitter.com/shondarhimes/status/1436038265052667904,False,,0,,,,,,,,[],,,,
0,1436383857440276480,1436383857440276480,2021-09-10 19:39:32 ora legale Europa occidentale,2021-09-10,19:39:32,200,17565514,shondarhimes,shonda rhimes,,All of this.üëáüèæ,en,[],[],[],8,48,377,[],[],https://twitter.com/shondarhimes/status/1436383857440276480,False,https://twitter.com/CoriBush/status/1436140717223694337,0,,,,,,,,[],,,,
0,1436669983514316802,1436669983514316800,2021-09-11 14:36:30 ora legale Europa occidentale,2021-09-11,14:36:30,200,17565514,shondarhimes,shonda rhimes,,"It has only been 20 years. I will never forget where I was on this day or what I saw when I turned on my tv. My heart is with all the responders, all those who survived, all those who were lost and all who lost someone.",en,[],[],[],10,98,1228,[],[],https://twitter.com/shondarhimes/status/1436669983514316802,False,,0,,,,,,,,[],,,,
0,1437266648252104705,1437266648252104704,2021-09-13 06:07:26 ora legale Europa occidentale,2021-09-13,06:07:26,200,17565514,shondarhimes,shonda rhimes,,YES! Go @msdebbieallen! üëèüèæ,en,"[{'screen_name': 'msdebbieallen', 'name': 'debbie allen', 'id': '31483387'}]",[],[],5,29,583,[],[],https://twitter.com/shondarhimes/status/1437266648252104705,False,https://twitter.com/TelevisionAcad/status/1437221856969330688,0,,,,,,,,[],,,,
0,1440014985271275523,1440014985271275520,2021-09-20 20:08:21 ora legale Europa occidentale,2021-09-20,20:08:21,200,17565514,shondarhimes,shonda rhimes,,New day. New week. New opportunities.üëäüèæ  https://t.co/MCJ5ykOYcO,en,[],[],"['https://pbs.twimg.com/media/E_v1-lXUcAAcuzQ.jpg', 'https://pbs.twimg.com/media/E_v1-lZUYAIoDlH.jpg']",13,107,946,[],[],https://twitter.com/shondarhimes/status/1440014985271275523,False,,1,https://pbs.twimg.com/media/E_v1-lXUcAAcuzQ.jpg,,,,,,,[],,,,
1,1439786781961072644,1439786781961072640,2021-09-20 05:01:33 ora legale Europa occidentale,2021-09-20,05:01:33,200,17565514,shondarhimes,shonda rhimes,,Cicely‚Ä¶ @IAmCicelyTyson,en,"[{'screen_name': 'iamcicelytyson', 'name': 'cicely tyson just as i am fan page', 'id': '1498757215'}]",[],[],9,36,561,[],[],https://twitter.com/shondarhimes/status/1439786781961072644,False,,0,,,,,,,,[],,,,
2,1439775705882050564,1439775705882050560,2021-09-20 04:17:32 ora legale Europa occidentale,2021-09-20,04:17:32,200,17565514,shondarhimes,shonda rhimes,,Yes!!!! @MichaelaCoel won!  More than well-deserved!!!!!,en,"[{'screen_name': 'michaelacoel', 'name': 'michaela coel', 'id': '71093106'}]",[],[],21,362,3737,[],[],https://twitter.com/shondarhimes/status/1439775705882050564,False,,0,,,,,,,,[],,,,
3,1439772417795235842,1439772417795235840,2021-09-20 04:04:28 ora legale Europa occidentale,2021-09-20,04:04:28,200,17565514,shondarhimes,shonda rhimes,,‚ÄúYour turn!‚Äù - @msdebbieallen  ‚ù§Ô∏è‚ù§Ô∏è‚ù§Ô∏è‚ù§Ô∏è,en,"[{'screen_name': 'msdebbieallen', 'name': 'debbie allen', 'id': '31483387'}]",[],[],17,281,2687,[],[],https://twitter.com/shondarhimes/status/1439772417795235842,False,,0,,,,,,,,[],,,,
4,1439772383481454603,1439770529922224128,2021-09-20 04:04:20 ora legale Europa occidentale,2021-09-20,04:04:20,200,17565514,shondarhimes,shonda rhimes,,An icon.  https://t.co/HTDRa22tXQ,en,[],[],"['https://pbs.twimg.com/media/E_sZWbjUcAU1et4.jpg', 'https://pbs.twimg.com/media/E_sZWbiUUAQn9U3.jpg']",8,222,2022,[],[],https://twitter.com/shondarhimes/status/1439772383481454603,False,,1,https://pbs.twimg.com/media/E_sZWbjUcAU1et4.jpg,,,,,,,[],,,,
5,1439770529922224136,1439770529922224128,2021-09-20 03:56:58 ora legale Europa occidentale,2021-09-20,03:56:58,200,17565514,shondarhimes,shonda rhimes,,@msdebbieallen is everything!!,en,[],[],[],14,101,855,[],[],https://twitter.com/shondarhimes/status/1439770529922224136,False,,0,,,,,,,,[],,,,
6,1439757913841676291,1439757913841676288,2021-09-20 03:06:50 ora legale Europa occidentale,2021-09-20,03:06:50,200,17565514,shondarhimes,shonda rhimes,,Thrilled to be sitting in NY watching @TheEmmys with @BeersBetsy.  We  happily gave up our seats to our other amazing producers.,en,"[{'screen_name': 'theemmys', 'name': 'the emmys', 'id': '25379053'}, {'screen_name': 'beersbetsy', 'name': 'betsy beers', 'id': '1020974935'}]",[],[],9,23,477,[],[],https://twitter.com/shondarhimes/status/1439757913841676291,False,,0,,,,,,,,[],,,,
0,1441814020827205637,1441814020827205632,2021-09-25 19:17:04 ora legale Europa occidentale,2021-09-25,19:17:04,200,17565514,shondarhimes,shonda rhimes,,"This is big, people. Check it out! #Bridgerton üêù",en,[],[],[],57,311,4045,['bridgerton'],[],https://twitter.com/shondarhimes/status/1441814020827205637,False,https://twitter.com/shondaland/status/1441812026452443141,0,,,,,,,,[],,,,
0,1442248641385680899,1442248641385680896,2021-09-27 00:04:06 ora legale Europa occidentale,2021-09-27,00:04:06,200,17565514,shondarhimes,shonda rhimes,,"Why did I not know this is existed sooner?! You have to share the wisdom, people! Non-alcoholic cocktails that taste excellent?! @seedlip_na   Enjoying my #selfcaresunday, hope you are too!  https://t.co/mqs8GSzIV2",en,"[{'screen_name': 'seedlip_na', 'name': 'seedlip north america', 'id': '1225167308714196992'}]",[],['https://pbs.twimg.com/media/FAPlfIQVgAAwrri.jpg'],25,39,460,['selfcaresunday'],[],https://twitter.com/shondarhimes/status/1442248641385680899,False,,1,https://pbs.twimg.com/media/FAPlfIQVgAAwrri.jpg,,,,,,,[],,,,
0,1442558683242655744,1442558683242655744,2021-09-27 20:36:06 ora legale Europa occidentale,2021-09-27,20:36:06,200,17565514,shondarhimes,shonda rhimes,,"A momentous occasion, indeed. #Bridgerton",en,[],[],[],23,71,1219,['bridgerton'],[],https://twitter.com/shondarhimes/status/1442558683242655744,False,https://twitter.com/netflix/status/1442504304829603842,0,,,,,,,,[],,,,
1,1442517282924662784,1442517282924662784,2021-09-27 17:51:35 ora legale Europa occidentale,2021-09-27,17:51:35,200,17565514,shondarhimes,shonda rhimes,,The @TheTonyAwards made me so excited to go back to the theatre. But especially #JenniferHolliday‚Ä¶that woman is all the amazing things.,en,"[{'screen_name': 'thetonyawards', 'name': 'the tony awards', 'id': '34381878'}]",[],[],11,14,257,['jenniferholliday'],[],https://twitter.com/shondarhimes/status/1442517282924662784,False,,0,,,,,,,,[],,,,
0,1443304625399078912,1443304625399078912,2021-09-29 22:00:12 ora legale Europa occidentale,2021-09-29,22:00:12,200,17565514,shondarhimes,shonda rhimes,,Yay (even though I would've also been excited for a mixtape)!! üòÇ,en,[],[],[],13,24,554,[],[],https://twitter.com/shondarhimes/status/1443304625399078912,False,https://twitter.com/EllenPompeo/status/1443299545354362884,0,,,,,,,,[],,,,
